<?xml version='1.0' encoding='UTF-8' ?> 
<modification>
	<name>KnowBand MarketPlace2</name>
        <code>knowbandMarketplace2</code>
	<version>1.1</version>
	<author>KnowBand</author>
        <file path="admin/language/*/customer/customer.php">
		<operation error="skip">
			<search><![CDATA[$_['entry_date_added']      = 'Date Added';]]></search>
			<add position="after"><![CDATA[$_['tab_seller']= 'Seller Account Configuration';
                        $_['label_default_commission']= 'Default Commission';
                        $_['label_new_product_approval']= 'New Product Approval Required';
                        $_['label_enable_seller_review']= 'Enable Seller Review';
                        $_['label_seller_review_approval_required']= 'Seller Review Approval Required';
                        $_['label_send_email_order_place']= 'Send email to seller on order place';
                        $_['label_categories_allowed']= 'Categories Allowed';
                        $_['help_block_categories_allowed']= 'If no category is selected that will mean that all the categories are allowed. In order to enable a category you will have to check all the parent categories otherwise the category will not be activated. Example- To enable `T-shirts` category, you will have to check all the parent categories i.e. Home, Women, Tops and ofcourse T-shirts.';
                        $_['text_categories']= 'Categories';
                        $_['text_yes']= 'Yes';
                        $_['text_no']= 'No';
                        $_['text_use_global']= 'Use Global';
                        $_['error_kbmp_default_commission']= 'Commission value must be between 0 to 100';
			]]></add>
		</operation>
	</file>
        <file path="admin/view/template/customer/customer_form.tpl">
		<operation error="log">
			<search><![CDATA[<li><a href="#tab-ip" data-toggle="tab"><?php echo $tab_ip; ?></a></li>]]></search>
			<add position="after"><![CDATA[
			<?php if ($is_seller) { ?>
                        <li><a href="#tab-seller" data-toggle="tab"><?php echo $tab_seller; ?></a></li>
                        <?php } ?>
			]]></add>
		</operation>
                <operation error="log">
                    <search><![CDATA[<div class="tab-pane" id="tab-ip">]]></search>
                    <add position="before"><![CDATA[
                    <?php if ($is_seller) { ?>
                    <div class="tab-pane" id="tab-seller">
                      <div class="form-group">
                        <label class="col-sm-3 control-label" for="kbmp_default_commission"><?php echo $label_default_commission; ?></label>
                        <div class="col-sm-3">
                          <div class="input-group fixed-width-small-group">
                                <input type="text" name="kbmp_default_commission" id="kbmp_default_commission" value="<?php echo $kbmp_default_commission; ?>" class="fixed-width-small form-control">
                                <span class="input-group-addon">%</span>										
                            </div>
                            <?php if (isset($error_kbmp_default_commission) && $error_kbmp_default_commission) { ?>
                          <div class="text-danger"><?php echo $error_kbmp_default_commission; ?></div>
                          <?php } ?>
                            <br>
                            <input class="custom_radio" type="checkbox" name="kbmp_default_commission_global" id="kbmp_default_commission_global" value="1" <?php if (isset($kbmp_default_commission_global) && !empty($kbmp_default_commission_global)) { echo 'checked'; } ?> />
                            <label class="custom_radio_label" for="kbmp_default_commission_global"><em><?php echo $text_use_global; ?></em></label>
                        </div>
                      </div>
                      <div class="form-group">
                        <label class="col-sm-3 control-label" for="kbmp_new_product_approval_required"><?php echo $label_new_product_approval; ?></label>
                        <div class="col-sm-9">
                            <input class="custom_radio" type="radio" name="kbmp_new_product_approval_required" id="kbmp_new_product_approval_required_on" value="1" <?php if (isset($kbmp_new_product_approval_required) && $kbmp_new_product_approval_required == '1') { ?>checked<?php } ?>>
                            <label class="custom_radio_label" for="kbmp_new_product_approval_required_on"><?php echo $text_yes; ?></label>
                            <input class="custom_radio" type="radio" name="kbmp_new_product_approval_required" id="kbmp_new_product_approval_required_off" value="0" <?php if (isset($kbmp_new_product_approval_required) && $kbmp_new_product_approval_required == '0') { ?>checked<?php } ?>>
                            <label class="custom_radio_label" for="kbmp_new_product_approval_required_off"><?php echo $text_no; ?></label>
                            <br>
                            <input class="custom_radio" type="checkbox" name="kbmp_new_product_approval_required_global" id="kbmp_new_product_approval_required_global" value="1" <?php if (isset($kbmp_new_product_approval_required_global) && !empty($kbmp_new_product_approval_required_global)) { echo 'checked'; } ?> />
                            <label class="custom_radio_label" for="kbmp_new_product_approval_required_global"><em><?php echo $text_use_global; ?></em></label>
                        </div>
                      </div>
                      <div class="form-group">
                        <label class="col-sm-3 control-label" for="kbmp_enable_seller_review"><?php echo $label_enable_seller_review; ?></label>
                        <div class="col-sm-9">
                            <input class="custom_radio" type="radio" name="kbmp_enable_seller_review" id="kbmp_enable_seller_review_on" value="1" <?php if (isset($kbmp_enable_seller_review) && $kbmp_enable_seller_review == '1') { ?>checked<?php } ?>>
                            <label class="custom_radio_label" for="kbmp_enable_seller_review_on"><?php echo $text_yes; ?></label>
                            <input class="custom_radio" type="radio" name="kbmp_enable_seller_review" id="kbmp_enable_seller_review_off" value="0" <?php if (isset($kbmp_enable_seller_review) && $kbmp_enable_seller_review == '0') { ?>checked<?php } ?>>
                            <label class="custom_radio_label" for="kbmp_enable_seller_review_off"><?php echo $text_no; ?></label>
                            <br>
                            <input class="custom_radio" type="checkbox" name="kbmp_enable_seller_review_global" id="kbmp_enable_seller_review_global" value="1" <?php if (isset($kbmp_enable_seller_review_global) && !empty($kbmp_enable_seller_review_global)) { echo 'checked'; } ?> />
                            <label class="custom_radio_label" for="kbmp_enable_seller_review_global"><em><?php echo $text_use_global; ?></em></label>
                        </div>
                      </div>
                      <div class="form-group">
                        <label class="col-sm-3 control-label" for="kbmp_seller_review_approval_required"><?php echo $label_seller_review_approval_required; ?></label>
                        <div class="col-sm-9">
                            <input class="custom_radio" type="radio" name="kbmp_seller_review_approval_required" id="kbmp_seller_review_approval_required_on" value="1" <?php if (isset($kbmp_seller_review_approval_required) && $kbmp_seller_review_approval_required == '1') { ?>checked<?php } ?>>
                            <label class="custom_radio_label" for="kbmp_seller_review_approval_required_on"><?php echo $text_yes; ?></label>
                            <input class="custom_radio" type="radio" name="kbmp_seller_review_approval_required" id="kbmp_seller_review_approval_required_off" value="0" <?php if (isset($kbmp_seller_review_approval_required) && $kbmp_seller_review_approval_required == '0') { ?>checked<?php } ?>>
                            <label class="custom_radio_label" for="kbmp_seller_review_approval_required_off"><?php echo $text_no; ?></label>
                            <br>
                            <input class="custom_radio" type="checkbox" name="kbmp_seller_review_approval_required_global" id="kbmp_seller_review_approval_required_global" value="1" <?php if (isset($kbmp_seller_review_approval_required_global) && !empty($kbmp_seller_review_approval_required_global)) { echo 'checked'; } ?> />
                            <label class="custom_radio_label" for="kbmp_seller_review_approval_required_global"><em><?php echo $text_use_global; ?></em></label>
                        </div>
                      </div>
                      <div class="form-group">
                        <label class="col-sm-3 control-label" for="kbmp_email_on_new_order"><?php echo $label_send_email_order_place; ?></label>
                        <div class="col-sm-9">
                            <input class="custom_radio" type="radio" name="kbmp_email_on_new_order" id="kbmp_email_on_new_order_on" value="1" <?php if (isset($kbmp_email_on_new_order) && $kbmp_email_on_new_order == '1') { ?>checked<?php } ?>>
                            <label class="custom_radio_label" for="kbmp_email_on_new_order_on"><?php echo $text_yes; ?></label>
                            <input class="custom_radio" type="radio" name="kbmp_email_on_new_order" id="kbmp_email_on_new_order_off" value="0" <?php if (isset($kbmp_email_on_new_order) && $kbmp_email_on_new_order == '0') { ?>checked<?php } ?>>
                            <label class="custom_radio_label" for="kbmp_email_on_new_order_off"><?php echo $text_no; ?></label>
                            <br>
                            <input class="custom_radio" type="checkbox" name="kbmp_email_on_new_order_global" id="kbmp_email_on_new_order_global" value="1" <?php if (isset($kbmp_email_on_new_order_global) && !empty($kbmp_email_on_new_order_global)) { echo 'checked'; } ?> />
                            <label class="custom_radio_label" for="kbmp_email_on_new_order_global"><em><?php echo $text_use_global; ?></em></label>
                        </div>
                      </div>
                      <div class="form-group">
                        <label class="col-sm-3 control-label" for="category"><?php echo $label_categories_allowed; ?></label>
                        <div class="col-sm-9">
                            <input type="text" name="category" value="" placeholder="<?php echo $text_categories; ?>" id="input-category" class="form-control" autocomplete="off">
                            <div id="product-category" class="well well-sm" style="height: 150px; overflow: auto;">
                                <?php if (isset($categories) && !empty($categories)) { 
                                    foreach ($categories as $product_category) { ?>
                                <div id="product-category<?php echo $product_category['category_id']; ?>"><i class="fa fa-minus-circle"></i> <?php echo $product_category['name']; ?>
                                  <input type="hidden" name="product_category[]" value="<?php echo $product_category['category_id']; ?>" />
                                </div>
                                <?php }
                                } ?>
                            </div>
                            <p class="help-block">								
                                <?php echo $help_block_categories_allowed; ?>
                            </p>	
                        </div>
                      </div>
                    </div>
                    <?php } ?>
                    ]]></add>
                </operation>
                <operation error="log">
			<search><![CDATA[<?php echo $footer; ?>]]></search>
			<add position="after"><![CDATA[
			<script type="text/javascript">
                        // Category
                        $('input[name=\'category\']').autocomplete({
                                'source': function(request, response) {
                                        $.ajax({
                                                url: 'index.php?route=catalog/category/autocomplete&token=<?php echo $token; ?>&filter_name=' +  encodeURIComponent(request),
                                                dataType: 'json',
                                                success: function(json) {
                                                        response($.map(json, function(item) {
                                                                return {
                                                                        label: item['name'],
                                                                        value: item['category_id']
                                                                }
                                                        }));
                                                }
                                        });
                                },
                                'select': function(item) {
                                        $('input[name=\'category\']').val('');

                                        $('#product-category' + item['value']).remove();

                                        $('#product-category').append('<div id="product-category' + item['value'] + '"><i class="fa fa-minus-circle"></i> ' + item['label'] + '<input type="hidden" name="product_category[]" value="' + item['value'] + '" /></div>');
                                }
                        });

                        $('#product-category').delegate('.fa-minus-circle', 'click', function() {
                            $(this).parent().remove();
                        });
                    </script>
			]]></add>
		</operation>
	</file>
        <file path="admin/controller/catalog/product.php">
                <operation error="log">
			<search><![CDATA[$this->model_catalog_product->editProduct($this->request->get['product_id'], $this->request->post);]]></search>
			<add position="before"><![CDATA[
                        $this->load->model('kbmp_marketplace/kbmp_marketplace');
                        $this->load->language('kbmp_marketplace/common');
                        //Check if product is seller product and approved then allow to edit
                        $sellerProduct = $this->model_kbmp_marketplace_kbmp_marketplace->isSellerProduct($this->request->get['product_id']);
                        if (isset($sellerProduct['approved']) && $sellerProduct['approved'] != '1') {
                            $this->session->data['error'] = $this->language->get('text_unapproved_product_edit_error');

                            if (isset($this->request->get['redirect']) && !empty($this->request->get['redirect'])) {
                                $this->response->redirect($this->url->link('kbmp_marketplace/'.$this->request->get['redirect'], 'token=' . $this->session->data['token'], true));
                            }
                        } else if (isset($sellerProduct['seller_id'])) {
                            //Check if seller approved or not
                            $sellerDetails = $this->model_kbmp_marketplace_kbmp_marketplace->getSellerAccountDetails($sellerProduct['seller_id']);
                            if (isset($sellerDetails['approved']) && $sellerDetails['approved'] != '1') {
                                $this->session->data['error'] = $this->language->get('text_unapproved_product_edit_error');

                                if (isset($this->request->get['redirect']) && !empty($this->request->get['redirect'])) {
                                    $this->response->redirect($this->url->link('kbmp_marketplace/'.$this->request->get['redirect'], 'token=' . $this->session->data['token'], true));
                                }
                            }
                        }
			]]></add>
		</operation>
                <operation error="log">
			<search><![CDATA[$data['action']]]></search>
			<add position="before"><![CDATA[
                        if (isset($this->request->get['redirect']) && !empty($this->request->get['redirect'])) {
                            $url .= '&redirect=' . $this->request->get['redirect'];
                        }
			]]></add>
		</operation>
		<operation error="log">
			<search><![CDATA[$this->response->redirect($this->url->link('catalog/product', 'token=' . $this->session->data['token'] . $url, true));]]></search>
			<add position="before"><![CDATA[
                        if (isset($this->request->get['redirect']) && $this->request->get['redirect'] == 'products_list') {
                            $this->response->redirect($this->url->link('kbmp_marketplace/products_list', 'token=' . $this->session->data['token'], true));
                        } else if (isset($this->request->get['redirect']) && $this->request->get['redirect'] == 'products_approval_list') {
                            $this->response->redirect($this->url->link('kbmp_marketplace/products_approval_list', 'token=' . $this->session->data['token'], true));
                        }
			]]></add>
		</operation>
	</file>
        <file path="admin/controller/catalog/review.php">
                <operation error="log">
			<search><![CDATA[$data['action']]]></search>
			<add position="before"><![CDATA[
                        if (isset($this->request->get['redirect']) && !empty($this->request->get['redirect'])) {
                            $url .= '&redirect=' . $this->request->get['redirect'];
                        }
			]]></add>
		</operation>
		<operation error="log">
			<search><![CDATA[$this->response->redirect($this->url->link('catalog/review', 'token=' . $this->session->data['token'] . $url, true));]]></search>
			<add position="before"><![CDATA[
                        if (isset($this->request->get['redirect']) && $this->request->get['redirect'] == 'products_review') {
                            $this->response->redirect($this->url->link('kbmp_marketplace/products_review', 'token=' . $this->session->data['token'], true));
                        }
			]]></add>
		</operation>
	</file>
        
        <file path="system/engine/loader.php">
		<operation error="skip">
			<search><![CDATA[public function __construct($registry) {]]></search>
			<add position="before"><![CDATA[
			public function adminmodel($model) {		
                            $admin_dir = str_replace('system/','admin/', DIR_SYSTEM);
                            $file = $admin_dir . 'model/' . $model . '.php';		
                            //$file  = DIR_APPLICATION . 'model/' . $model . '.php';
                            $class = 'Model' . preg_replace('/[^a-zA-Z0-9]/', '', $model);

                            if (file_exists($file)) {
                                include_once($file);

                                $this->registry->set('model_' . str_replace('/', '_', $model), new $class($this->registry));
                            } else {
                                trigger_error('Error: Could not load model ' . $model . '!');
                                exit();					
                            }
                        }
			]]></add>
		</operation>
	</file>
        <file path="catalog/controller/product/product.php">
                <operation error="log">
			<search><![CDATA[$this->model_catalog_product->updateViewed($this->request->get['product_id']);]]></search>
			<add position="after"><![CDATA[
                        //Get Seller Information
                        $this->document->addStyle('catalog/view/theme/default/stylesheet/kbmp_marketplace/product-page.css');
                        $this->load->language('kbmp_marketplace/common');
                        
                        $data['text_sold_by'] = $this->language->get('text_sold_by');
                        $data['text_view_reviews'] = $this->language->get('text_view_reviews');
                        $data['text_write_review'] = $this->language->get('text_write_review');
                        $data['text_more_seller_products'] = $this->language->get('text_more_seller_products');
                        $data['text_total_seller_reviews'] = $this->language->get('text_total_seller_reviews');
                        
                        $this->load->model('kbmp_marketplace/kbmp_marketplace');
                        $this->load->model('setting/kbmp_marketplace');
                            
                        $store_id = (int) $this->config->get('config_store_id');
                        $settings = $this->model_setting_kbmp_marketplace->getSetting('kbmp_marketplace', $store_id);
                        $data['kbmp_marketplace_settings'] = $settings;
                            
			//Start - Condition added to check if module is enabled - added on 15-Jan-2019 by Harsh
                        if (isset($settings['kbmp_marketplace_setting']['kbmp_module_enable']) && $settings['kbmp_marketplace_setting']['kbmp_module_enable']) {
		                if (isset($settings['kbmp_marketplace_setting']['kbmp_enable_seller_details']) && $settings['kbmp_marketplace_setting']['kbmp_enable_seller_details']) {
		                    $seller_details = $this->model_kbmp_marketplace_kbmp_marketplace->getProductSeller($this->request->get['product_id']);
		                    if (isset($seller_details) && !empty($seller_details)) {
		                        $data['seller_products_link'] = $this->url->link('kbmp_marketplace/sellers/view', '&seller_id=' . $seller_details['seller_id']);

		                        $data['seller_details'] = $seller_details;
		                        //Get Seller Reviews details
		                        $seller_review_filter = array(
		                            'seller_id' => $data['seller_details']['seller_id'],
		                            'filter_status' => 1
		                        );
		                        $data['seller_total_reviews'] = $this->model_kbmp_marketplace_kbmp_marketplace->getTotalSellerReviews($seller_review_filter);
		                        $data['seller_rating'] = $this->model_kbmp_marketplace_kbmp_marketplace->getSellerRating($seller_review_filter) * 20;
		                        $data['seller_reviews_link'] = $this->url->link('kbmp_marketplace/sellers/reviews', '&seller_id=' . $data['seller_details']['seller_id']);
		                    }
		                }
			}
			//Ends
			]]></add>
		</operation>
                <operation error="log">
			<search><![CDATA[$this->model_catalog_review->addReview($this->request->get['product_id'], $this->request->post);]]></search>
			<add position="after"><![CDATA[
                        $this->load->model('kbmp_marketplace/kbmp_marketplace');
                        $seller_details = $this->model_kbmp_marketplace_kbmp_marketplace->getProductSeller($this->request->get['product_id']);
                        if (isset($seller_details) && !empty($seller_details)) {
                            $this->model_kbmp_marketplace_kbmp_marketplace->addSellerProductReview($this->request->get['product_id'], $seller_details['seller_id']);
                        }
			]]></add>
		</operation>
	</file>
        <file path="catalog/view/theme/*/template/product/product.tpl">
		<operation error="log">
			<search><![CDATA[<div id="product">]]></search>
			<add position="before"><![CDATA[
                        <!--Seller Information-->
                        <?php if (isset($seller_details) && !empty($seller_details)) { ?>
                        <div id="kbmp-seller-info" class="kbmp_block box-info-product">
                            <div class="kbmp_row">
                                <div class="kbmp_inner_block"><span class="title"><?php echo $text_sold_by; ?>:</span></div>
                                <div class="kbmp_inner_block"><a href="<?php echo $seller_products_link; ?>"><span class=""><?php echo $seller_details['title']; ?></span></a></div>
                            </div>
                            <div class="kbmp_row">
                                <div class="kbmp_inner_block" style="position:relative;">
                                    <a href="" title="">
                                    <div class="vss_seller_ratings">
                                        <!-- Do not customise it -->
                                        <div class="vss_rating_unfilled">★★★★★</div>

                                        <!-- Set only width in percentage according to rating -->
                                        <div class="vss_rating_filled" style="width:<?php echo $seller_rating; ?>%">★★★★★</div>
                                    </div>
                                    </a>
                                </div>
                                <div class="kbmp_inner_block"><a title="<?php echo sprintf($text_total_seller_reviews, $seller_total_reviews); ?>" href="<?php echo $seller_reviews_link; ?>" class="vss_active_link"><i class="fa fa-book"></i>&nbsp;&nbsp;<?php echo $text_view_reviews; ?></a></div>
                                <?php if (isset($kbmp_marketplace_settings['kbmp_marketplace_setting']['kbmp_enable_seller_review']) && $kbmp_marketplace_settings['kbmp_marketplace_setting']['kbmp_enable_seller_review']) { ?>
                                <div class="kbmp_inner_block"><a href="<?php echo $seller_reviews_link; ?>" class="vss_active_link"><i class="fa fa-pencil"></i>&nbsp;&nbsp;<?php echo $text_write_review; ?></a></div>
                                <?php } ?>
                            </div>
                            <div class="kbmp_row">
                                <a href="<?php echo $seller_products_link; ?>" style="padding-left:2px; font-size:13px;"><i class="fa fa-list-ul"></i>&nbsp;&nbsp;<?php echo $text_more_seller_products; ?></a>
                            </div>
                        </div>
                        <!--//Ends-->
                        <hr>
                        <?php } ?>
			]]></add>
		</operation>
	</file>
        <file path="catalog/controller/checkout/shipping_method.php">
		<operation error="log">
			<search><![CDATA[foreach ($method_data as $key => $value) {]]></search>
			<add position="before"><![CDATA[
                        //Calculate Marketplace Shipping
                        $this->load->model('kbmp_marketplace/kbmp_marketplace');
                        
			$this->load->model('setting/kbmp_marketplace');
                        //Get the module configuration values
                        $store_id = (int) $this->config->get('config_store_id');
                        $settings = $this->model_setting_kbmp_marketplace->getSetting('kbmp_marketplace', $store_id);
                        
                        //Start - Condition added to check if module is enabled - added on 15-Jan-2019 by Harsh
                        if (isset($settings['kbmp_marketplace_setting']['kbmp_module_enable']) && $settings['kbmp_marketplace_setting']['kbmp_module_enable']) {
		                $marketplace_quote = $this->model_kbmp_marketplace_kbmp_marketplace->getQuote($this->session->data['shipping_address']);
		                if ($marketplace_quote) {
		                    $method_data['marketplace_custom_shipping'] = array(
		                        'title' => $marketplace_quote['title'],
		                        'quote' => $marketplace_quote['quote'],
		                        'sort_order' => $marketplace_quote['sort_order'],
		                        'error' => $marketplace_quote['error']
		                    );
		                }
			}
                        //Ends
			]]></add>
		</operation>
	</file>
        <file path="catalog/model/checkout/order.php">
		<operation error="log">
			<search><![CDATA[$this->db->query("DELETE FROM " . DB_PREFIX . "order_product WHERE order_id = '" . (int)$order_id . "'");]]></search>
			<add position="after"><![CDATA[
                        $this->db->query("DELETE FROM " . DB_PREFIX . "kb_mp_seller_order_detail WHERE order_id = '" . (int) $order_id . "'");
			]]></add>
		</operation>
		<operation error="log">
			<search><![CDATA[$order_product_id = $this->db->getLastId();]]></search>
			<add position="after"><![CDATA[
                        //Add Order details in Knowband Marketplace Tables
                        $this->load->model('kbmp_marketplace/kbmp_marketplace');

			$this->load->model('setting/kbmp_marketplace');
                        //Get the module configuration values
                        $store_id = (int) $this->config->get('config_store_id');
                        $settings = $this->model_setting_kbmp_marketplace->getSetting('kbmp_marketplace', $store_id);
                        
                        //Start - Condition added to check if module is enabled - added on 15-Jan-2019 by Harsh
                        if (isset($settings['kbmp_marketplace_setting']['kbmp_module_enable']) && $settings['kbmp_marketplace_setting']['kbmp_module_enable']) {
		                if (isset($order_product_id) && !empty($order_product_id)) {
		                    $kbmp_data = array(
		                        'order_id' => (int) $order_id,
		                        'product_id' => (int) $product['product_id'],
		                        'order_detail_id' => (int) $order_product_id,
		                        'unit_price' => (float) $product['price'],
                                        'tax'  => $product['tax'],
		                        'quantity' => (int) $product['quantity'],
		                        'is_consider' => '0'
		                    );
		                    $this->model_kbmp_marketplace_kbmp_marketplace->addOrder($kbmp_data);
		                }
			}
                        //Ends
			]]></add>
		</operation>
                <operation error="log">
                    <search><![CDATA[return $order_id;]]></search>
                    <add position="before"><![CDATA[
                    //Update Shipping value of Marketplace Orders
                    $shipping_geo_zone_id = '';
                    if (isset($data['shipping_code'])) {
                        if (strpos($data['shipping_code'], 'marketplace_custom_shipping.marketplace_custom_shipping_') !== false) {
                            $shipping_geo_zone_id = str_replace("marketplace_custom_shipping.marketplace_custom_shipping_", "", $data['shipping_code']);

                            $this->model_kbmp_marketplace_kbmp_marketplace->updateOrderShipping($order_id, $shipping_geo_zone_id);
                        }
                    }
                    ]]></add>
                </operation>
                <operation error="log">
                    <search><![CDATA[if (!$order_info['order_status_id'] && $order_status_id) {]]></search>
                    <add position="before"><![CDATA[
                    //Update value in Marketplace table to set is_consider bit against order id
                    $this->load->model('kbmp_marketplace/kbmp_marketplace');
                    $this->model_kbmp_marketplace_kbmp_marketplace->considerOrder($order_id);
                    //Ends
                    //code by gopi to send email for order cancel
                    $this->load->model('setting/kbmp_marketplace');
                    //Get the module configuration values
                    $store_id = (int) $this->config->get('config_store_id');
                    $settings = $this->model_setting_kbmp_marketplace->getSetting('kbmp_marketplace', $store_id);  
                    //Start - Condition added to check if module is enabled
                    if (isset($settings['kbmp_marketplace_setting']['kbmp_module_enable']) && $settings['kbmp_marketplace_setting']['kbmp_module_enable']) {
                        //check if send email in order cancel is active
                        if (isset($settings['kbmp_marketplace_setting']['kbmp_email_on_cancel_order']) && $settings['kbmp_marketplace_setting']['kbmp_email_on_cancel_order']){  
                            $cancel_order_satus = $settings['kbmp_marketplace_setting']['cancel_order_status_value'];
                            $queryStatusName = $this->db->query("SELECT name FROM " . DB_PREFIX . "order_status WHERE order_status_id = '" . (int)$order_info['order_status_id'] . "' AND language_id = '" . (int)$this->config->get('config_language_id') . "'");
                            if (isset($cancel_order_satus) && in_array($queryStatusName->row['name'], $cancel_order_satus)){
                               
                                $sql = "SELECT c.email FROM " . DB_PREFIX . "kb_mp_seller_order_detail ksod INNER JOIN " . DB_PREFIX . "kb_mp_seller ks ON (ksod.seller_id = ks.seller_id) INNER JOIN " . DB_PREFIX . "customer c ON (ks.customer_id = c.customer_id) WHERE ksod.order_id=".$order_id;
                                $seller_email = $this->db->query($sql);   
                                $template = $settings['kbmp_marketplace_order_cancel_email_template']['order_cancel_email_content_'.$this->config->get('config_language_id')];
                                $emails =array_column($seller_email->rows,'email');
                                foreach($emails as $email){
                                    $this->model_setting_kbmp_marketplace->sendEmail($email,$order_id,$template);      
                                }
                            }
                                
                        }
                    }
		
                 
                    
                        
                        
                    ]]></add>
                </operation>
                <operation error="log">
                    <search><![CDATA['name'     => $product['name'],]]></search>
                    <add position="before"><![CDATA[
                    'product_id'     => $product['product_id'],
                    ]]></add>
                </operation>
                <operation error="log">
                    <search><![CDATA[if ($this->config->get('config_order_mail')) {]]></search>
                    <add position="before"><![CDATA[
                    //Seller Alert Mail
                    if (isset($data['products']) && !empty($data['products'])) {
                        $this->load->model('kbmp_marketplace/kbmp_marketplace');
                        foreach ($data['products'] as $product) {
                            $seller_details = $this->model_kbmp_marketplace_kbmp_marketplace->getProductSeller($product['product_id']);
                            if (isset($seller_details) && !empty($seller_details)) {
                                $seller_for_mail[$seller_details['seller_id']]['products'][] = $product;
                            }
                        }

                        if (isset($seller_for_mail) && !empty($seller_for_mail)) {
                            $this->load->model('setting/kbmp_marketplace');
                            $store_id = (int) $this->config->get('config_store_id');
                            $settings = $this->model_setting_kbmp_marketplace->getSetting('kbmp_marketplace', $store_id);

			    //Start - Condition added to check if module is enabled - added on 15-Jan-2019 by Harsh
                            if (isset($settings['kbmp_marketplace_setting']['kbmp_module_enable']) && $settings['kbmp_marketplace_setting']['kbmp_module_enable']) {
		                    foreach ($seller_for_mail as $key => $value) {
		                        //Get Seller Configuration to overwrite default configuration if set exclusively for seller
		                        $seller_config = $this->model_kbmp_marketplace_kbmp_marketplace->getSellerConfig($key, $store_id);
		                        if (isset($seller_config) && !empty($seller_config)) {
		                            foreach ($seller_config as $sellerconfig) {


		                                $settings['kbmp_marketplace_setting'][$sellerconfig['key']] = $sellerconfig['value'];
		                            }
		                        }
		                        //Check if seller is allowed to get order email
		                        if (isset($settings['kbmp_marketplace_setting']['kbmp_email_on_new_order']) && !empty($settings['kbmp_marketplace_setting']['kbmp_email_on_new_order'])) {
		                            $this->load->model('account/customer');
		                            $seller_details = $this->model_kbmp_marketplace_kbmp_marketplace->getSellerAccountDetails($key);
		                            $customer_details = $this->model_account_customer->getCustomer($order_info['customer_id']);
		                            $email_template = $this->model_kbmp_marketplace_kbmp_marketplace->getOrderEmailTemplate();
		                            $this->load->language('kbmp_marketplace/common');
		                            
		                            $text_kbmp_product = $this->language->get('text_kbmp_product');
		                            $text_kbmp_model = $this->language->get('text_kbmp_model');
		                            $text_kbmp_quantity = $this->language->get('text_kbmp_quantity');
		                            $text_kbmp_price = $this->language->get('text_kbmp_price');
		                            $text_kbmp_total = $this->language->get('text_kbmp_total');
		                
		                            $email_template['email_subject'] = $this->language->get('seller_order_email_subject');
		                            if (isset($email_template['order_email_content_'.$order_info['language_id']]) && !empty($email_template['order_email_content_'.$order_info['language_id']])) {
		                                $message = str_replace("{seller_name}", $seller_details['firstname'] . ' ' . $seller_details['lastname'], $email_template['order_email_content_'.$order_info['language_id']]); //Seller Name
		                                $message = str_replace("{shop_name}", $seller_details['title'], $message); //Shop Name
		                                $message = str_replace("{firstname}", $customer_details['firstname'], $message); //Customer First Name
		                                $message = str_replace("{lastname}", $customer_details['lastname'], $message); //Customer Last Name
		                                $message = str_replace("{email}", $customer_details['email'], $message); //Customer Email
		                                $message = str_replace("{order_name}", '#'.$order_id, $message); //Order ID
		                                $message = str_replace("{date}", date($language->get('date_format_short'), strtotime($order_info['date_added'])), $message); //Order Date
		                                $message = str_replace("{delivery_block_html}", $data['shipping_address'], $message); //Delivery Address
		                                $message = str_replace("{invoice_block_html}", $data['payment_address'], $message); //Billing Address

		                                $product_html = '<table style="border-collapse: collapse; width: 100%; border-top: 1px solid #DDDDDD; border-left: 1px solid #DDDDDD; margin-bottom: 20px;"><thead><tr><td style="font-size: 12px; border-right: 1px solid #DDDDDD; border-bottom: 1px solid #DDDDDD; background-color: #EFEFEF; font-weight: bold; text-align: left; padding: 7px; color: #222222;">'.$text_kbmp_product.'</td><td style="font-size: 12px; border-right: 1px solid #DDDDDD; border-bottom: 1px solid #DDDDDD; background-color: #EFEFEF; font-weight: bold; text-align: left; padding: 7px; color: #222222;">'.$text_kbmp_model.'</td><td style="font-size: 12px; border-right: 1px solid #DDDDDD; border-bottom: 1px solid #DDDDDD; background-color: #EFEFEF; font-weight: bold; text-align: right; padding: 7px; color: #222222;">'.$text_kbmp_quantity.'</td><td style="font-size: 12px; border-right: 1px solid #DDDDDD; border-bottom: 1px solid #DDDDDD; background-color: #EFEFEF; font-weight: bold; text-align: right; padding: 7px; color: #222222;">'.$text_kbmp_price.'</td><td style="font-size: 12px; border-right: 1px solid #DDDDDD; border-bottom: 1px solid #DDDDDD; background-color: #EFEFEF; font-weight: bold; text-align: right; padding: 7px; color: #222222;">'.$text_kbmp_total.'</td></tr></thead><tbody>';
		                                foreach ($value['products'] as $product) {
		                                    $product_html .= '<tr><td style="font-size: 12px; border-right: 1px solid #DDDDDD; border-bottom: 1px solid #DDDDDD; text-align: left; padding: 7px;">'.$product['name'];
		                                    foreach ($product['option'] as $option) {
		                                        $product_html .= '<br />&nbsp;<small> - '.$option['name'].': '.$option['value'].'</small>';
		                                    }
		                                    $product_html .= '</td><td style="font-size: 12px; border-right: 1px solid #DDDDDD; border-bottom: 1px solid #DDDDDD; text-align: left; padding: 7px;">'.$product['model'].'</td><td style="font-size: 12px; border-right: 1px solid #DDDDDD; border-bottom: 1px solid #DDDDDD; text-align: right; padding: 7px;">'.$product['quantity'].'</td><td style="font-size: 12px; border-right: 1px solid #DDDDDD; border-bottom: 1px solid #DDDDDD; text-align: right; padding: 7px;">'.$product['price'].'</td><td style="font-size: 12px; border-right: 1px solid #DDDDDD; border-bottom: 1px solid #DDDDDD; text-align: right; padding: 7px;">'.$product['total'].'</td></tr>';
		                                }
		                                $product_html .= '</tbody></table>';

		                                $message = str_replace("{products}", $product_html, $message); //Products

		                                $email_content  = '<!DOCTYPE html PUBLIC "-//W3C//DTD HTML 4.01//EN" "http://www.w3.org/TR/1999/REC-html401-19991224/strict.dtd">' . "\n";
		                                $email_content .= '<html>' . "\n";
		                                $email_content .= '  <head>' . "\n";
		                                $email_content .= '    <title>' . $email_template['email_subject'] . '</title>' . "\n";
		                                $email_content .= '    <meta http-equiv="Content-Type" content="text/html; charset=UTF-8">' . "\n";
		                                $email_content .= '  </head>' . "\n";
		                                $email_content .= '  <body>' . html_entity_decode($message, ENT_QUOTES, 'UTF-8') . '</body>' . "\n";
		                                $email_content .= '</html>' . "\n";

		                                $mail = new Mail();
		                                $mail->protocol = $this->config->get('config_mail_protocol');
		                                $mail->parameter = $this->config->get('config_mail_parameter');
		                                $mail->smtp_hostname = $this->config->get('config_mail_smtp_hostname');
		                                $mail->smtp_username = $this->config->get('config_mail_smtp_username');
		                                $mail->smtp_password = html_entity_decode($this->config->get('config_mail_smtp_password'), ENT_QUOTES, 'UTF-8');
		                                $mail->smtp_port = $this->config->get('config_mail_smtp_port');
		                                $mail->smtp_timeout = $this->config->get('config_mail_smtp_timeout');

		                                $mail->setTo($seller_details['email']);
		                                $mail->setFrom($this->config->get('config_email'));
		                                $mail->setSender(html_entity_decode($this->config->get('config_name'), ENT_QUOTES, 'UTF-8'));
		                                $mail->setSubject(html_entity_decode($email_template['email_subject'], ENT_QUOTES, 'UTF-8'));
		                                $mail->setHtml($email_content);
		                                $mail->send();
		                            }
		                        }
		                    }
			    }
                        }
                    }
                    ]]></add>
                </operation>
	</file>
        <file path="admin/model/customer/customer.php">
		<operation error="log">
			<search><![CDATA[$this->db->query("UPDATE " . DB_PREFIX . "customer SET customer_group_id = '" . (int)$data['customer_group_id'] . "', firstname = '" . $this->db->escape($data['firstname']) . "', lastname = '" . $this->db->escape($data['lastname']) . "', email = '" . $this->db->escape($data['email']) . "', telephone = '" . $this->db->escape($data['telephone']) . "', fax = '" . $this->db->escape($data['fax']) . "', custom_field = '" . $this->db->escape(isset($data['custom_field']) ? json_encode($data['custom_field']) : '') . "', newsletter = '" . (int)$data['newsletter'] . "', status = '" . (int)$data['status'] . "', approved = '" . (int)$data['approved'] . "', safe = '" . (int)$data['safe'] . "' WHERE customer_id = '" . (int)$customer_id . "'");]]></search>
			<add position="before"><![CDATA[
			$customer_details = $this->db->query("SELECT status FROM " . DB_PREFIX . "customer WHERE customer_id = '" . $customer_id . "'");
			//Marketplace
                        $this->load->model('kbmp_marketplace/kbmp_marketplace');
                        $is_seller = $this->model_kbmp_marketplace_kbmp_marketplace->is_seller($customer_id);
                        if ($is_seller) {
                            $seller = $this->model_kbmp_marketplace_kbmp_marketplace->getSellerByCustomerId($customer_id);
                            if (isset($data['status']) && empty($data['status'])) {
                                //If seller is being disabled then disable all its products
                                //Get All Enabled products
                                $enabledProducts = $this->model_kbmp_marketplace_kbmp_marketplace->getSellerEnabledProducts($seller['seller_id']);
                                if (isset($enabledProducts) && !empty($enabledProducts)) {
                                    if ($this->model_kbmp_marketplace_kbmp_marketplace->addSellerProductsForTracking($seller['seller_id'], $enabledProducts)) {
                                        //Disable all products
                                        $this->model_kbmp_marketplace_kbmp_marketplace->disableSellerProducts($seller['seller_id']);
                                    }
                                }
                            
                                //Send notification to seller that account is disabled now
				if (isset($customer_details->row['status']) && !empty($customer_details->row['status'])) {
                                $seller_details = $this->model_kbmp_marketplace_kbmp_marketplace->getSellerAccountDetails($seller['seller_id']);
                                $email_template = $this->model_kbmp_marketplace_kbmp_marketplace->getEmailTemplate(23, $this->config->get('config_language_id'));
                            
                                if (isset($email_template) && !empty($email_template)) {
                                    $message = $email_template['email_content']; //Seller Email
                                    
                                    $email_content  = '<!DOCTYPE html PUBLIC "-//W3C//DTD HTML 4.01//EN" "http://www.w3.org/TR/1999/REC-html401-19991224/strict.dtd">' . "\n";
                                    $email_content .= '<html>' . "\n";
                                    $email_content .= '  <head>' . "\n";
                                    $email_content .= '    <title>' . $email_template['email_subject'] . '</title>' . "\n";
                                    $email_content .= '    <meta http-equiv="Content-Type" content="text/html; charset=UTF-8">' . "\n";
                                    $email_content .= '  </head>' . "\n";
                                    $email_content .= '  <body>' . html_entity_decode($message, ENT_QUOTES, 'UTF-8') . '</body>' . "\n";
                                    $email_content .= '</html>' . "\n";

                                    $mail = new Mail();
                                    $mail->protocol = $this->config->get('config_mail_protocol');
                                    $mail->parameter = $this->config->get('config_mail_parameter');
                                    $mail->smtp_hostname = $this->config->get('config_mail_smtp_hostname');
                                    $mail->smtp_username = $this->config->get('config_mail_smtp_username');
                                    $mail->smtp_password = html_entity_decode($this->config->get('config_mail_smtp_password'), ENT_QUOTES, 'UTF-8');
                                    $mail->smtp_port = $this->config->get('config_mail_smtp_port');
                                    $mail->smtp_timeout = $this->config->get('config_mail_smtp_timeout');

                                    //Send Email to seller on the basis of notification type
                                    if (isset($seller_details['notification_type'])) {
                                        switch ($seller_details['notification_type']) {
                                            case 0:
                                                if (isset($seller_details['email']) && !empty($seller_details['email'])) {
                                                    $mail->setTo($seller_details['email']);
                                                    $mail->setFrom($this->config->get('config_email'));
                                                    $mail->setSender(html_entity_decode($this->config->get('config_name'), ENT_QUOTES, 'UTF-8'));
                                                    $mail->setSubject(html_entity_decode($email_template['email_subject'], ENT_QUOTES, 'UTF-8'));
                                                    $mail->setHtml($email_content);
                                                    $mail->send();
                                                }

                                                if (isset($seller_details['business_email']) && !empty($seller_details['business_email'])) {
                                                    $mail->setTo($seller_details['business_email']);
                                                    $mail->setFrom($this->config->get('config_email'));
                                                    $mail->setSender(html_entity_decode($this->config->get('config_name'), ENT_QUOTES, 'UTF-8'));
                                                    $mail->setSubject(html_entity_decode($email_template['email_subject'], ENT_QUOTES, 'UTF-8'));
                                                    $mail->setHtml($email_content);
                                                    $mail->send();
                                                }
                                                break;
                                            case 1:
                                                if (isset($seller_details['email']) && !empty($seller_details['email'])) {
                                                    $mail->setTo($seller_details['email']);
                                                    $mail->setFrom($this->config->get('config_email'));
                                                    $mail->setSender(html_entity_decode($this->config->get('config_name'), ENT_QUOTES, 'UTF-8'));
                                                    $mail->setSubject(html_entity_decode($email_template['email_subject'], ENT_QUOTES, 'UTF-8'));
                                                    $mail->setHtml($email_content);
                                                    $mail->send();
                                                }
                                                break;
                                            case 2:
                                                if (isset($seller_details['business_email']) && !empty($seller_details['business_email'])) {
                                                    $mail->setTo($seller_details['business_email']);
                                                    $mail->setFrom($this->config->get('config_email'));
                                                    $mail->setSender(html_entity_decode($this->config->get('config_name'), ENT_QUOTES, 'UTF-8'));
                                                    $mail->setSubject(html_entity_decode($email_template['email_subject'], ENT_QUOTES, 'UTF-8'));
                                                    $mail->setHtml($email_content);
                                                    $mail->send();
                                                }
                                                break;
                                        }
                                    }
                                }
				}
                            } else {
                                //Get All products from Tracking table
                                $enabledProducts = $this->model_kbmp_marketplace_kbmp_marketplace->getSellerTrackingProducts($seller['seller_id']);
                                if (isset($enabledProducts) && !empty($enabledProducts)) {
                                    if ($this->model_kbmp_marketplace_kbmp_marketplace->enableSellerProducts($enabledProducts)) {
                                        //Delete products from tracking
                                        $this->model_kbmp_marketplace_kbmp_marketplace->deleteSellerTrackingProducts($seller['seller_id']);
                                    }
                                }
                            
                                //Send notification to seller that account is enabled now
				if (isset($customer_details->row['status']) && empty($customer_details->row['status'])) {
                                $seller_details = $this->model_kbmp_marketplace_kbmp_marketplace->getSellerAccountDetails($seller['seller_id']);
                                $email_template = $this->model_kbmp_marketplace_kbmp_marketplace->getEmailTemplate(22, $this->config->get('config_language_id'));

                                if (isset($email_template) && !empty($email_template)) {
                                    $message = str_replace("{{email}}", $seller_details['email'] , $email_template['email_content']); //Seller Email
                                    $message = str_replace("{{full_name}}", $seller_details['firstname'] . ' ' . $seller_details['lastname'] , $message); //Seller Full Name

                                    $email_content  = '<!DOCTYPE html PUBLIC "-//W3C//DTD HTML 4.01//EN" "http://www.w3.org/TR/1999/REC-html401-19991224/strict.dtd">' . "\n";
                                    $email_content .= '<html>' . "\n";
                                    $email_content .= '  <head>' . "\n";
                                    $email_content .= '    <title>' . $email_template['email_subject'] . '</title>' . "\n";
                                    $email_content .= '    <meta http-equiv="Content-Type" content="text/html; charset=UTF-8">' . "\n";
                                    $email_content .= '  </head>' . "\n";
                                    $email_content .= '  <body>' . html_entity_decode($message, ENT_QUOTES, 'UTF-8') . '</body>' . "\n";
                                    $email_content .= '</html>' . "\n";

                                    $mail = new Mail();
                                    $mail->protocol = $this->config->get('config_mail_protocol');
                                    $mail->parameter = $this->config->get('config_mail_parameter');
                                    $mail->smtp_hostname = $this->config->get('config_mail_smtp_hostname');
                                    $mail->smtp_username = $this->config->get('config_mail_smtp_username');
                                    $mail->smtp_password = html_entity_decode($this->config->get('config_mail_smtp_password'), ENT_QUOTES, 'UTF-8');
                                    $mail->smtp_port = $this->config->get('config_mail_smtp_port');
                                    $mail->smtp_timeout = $this->config->get('config_mail_smtp_timeout');

                                    //Send Email to seller on the basis of notification type
                                    if (isset($seller_details['notification_type'])) {
                                        switch ($seller_details['notification_type']) {
                                            case 0:
                                                if (isset($seller_details['email']) && !empty($seller_details['email'])) {
                                                    $mail->setTo($seller_details['email']);
                                                    $mail->setFrom($this->config->get('config_email'));
                                                    $mail->setSender(html_entity_decode($this->config->get('config_name'), ENT_QUOTES, 'UTF-8'));
                                                    $mail->setSubject(html_entity_decode($email_template['email_subject'], ENT_QUOTES, 'UTF-8'));
                                                    $mail->setHtml($email_content);
                                                    $mail->send();
                                                }

                                                if (isset($seller_details['business_email']) && !empty($seller_details['business_email'])) {
                                                    $mail->setTo($seller_details['business_email']);
                                                    $mail->setFrom($this->config->get('config_email'));
                                                    $mail->setSender(html_entity_decode($this->config->get('config_name'), ENT_QUOTES, 'UTF-8'));
                                                    $mail->setSubject(html_entity_decode($email_template['email_subject'], ENT_QUOTES, 'UTF-8'));
                                                    $mail->setHtml($email_content);
                                                    $mail->send();
                                                }
                                                break;
                                            case 1:
                                                if (isset($seller_details['email']) && !empty($seller_details['email'])) {
                                                    $mail->setTo($seller_details['email']);
                                                    $mail->setFrom($this->config->get('config_email'));
                                                    $mail->setSender(html_entity_decode($this->config->get('config_name'), ENT_QUOTES, 'UTF-8'));
                                                    $mail->setSubject(html_entity_decode($email_template['email_subject'], ENT_QUOTES, 'UTF-8'));
                                                    $mail->setHtml($email_content);
                                                    $mail->send();
                                                }
                                                break;
                                            case 2:
                                                if (isset($seller_details['business_email']) && !empty($seller_details['business_email'])) {
                                                    $mail->setTo($seller_details['business_email']);
                                                    $mail->setFrom($this->config->get('config_email'));
                                                    $mail->setSender(html_entity_decode($this->config->get('config_name'), ENT_QUOTES, 'UTF-8'));
                                                    $mail->setSubject(html_entity_decode($email_template['email_subject'], ENT_QUOTES, 'UTF-8'));
                                                    $mail->setHtml($email_content);
                                                    $mail->send();
                                                }
                                                break;
                                        }
                                    }
                                }
				}
                            }
                        }
                        //Ends
			]]></add>
		</operation>
	</file>
        <file path="catalog/model/account/return.php">
		<operation error="log">
			<search><![CDATA[$return_id = $this->db->getLastId();]]></search>
			<add position="after"><![CDATA[
			$this->load->model('setting/kbmp_marketplace');
                        //Get the module configuration values
                        $store_id = (int) $this->config->get('config_store_id');
                        $settings = $this->model_setting_kbmp_marketplace->getSetting('kbmp_marketplace', $store_id);
                        if(!empty($settings['kbmp_marketplace_setting']['kbmp_module_enable']) && $settings['kbmp_marketplace_setting']['kbmp_module_enable'] == '1'){
                            $seller_data = $this->db->query("SELECT seller_id FROM `" . DB_PREFIX . "kb_mp_seller_order_detail` WHERE order_id='" . (int)$data['order_id'] . "' LIMIT 1");
                            if(isset($seller_data->row['seller_id']))
                            $this->db->query("INSERT INTO `" . DB_PREFIX . "kb_mp_seller_return` SET seller_id = '" . (int)$seller_data->row['seller_id'] . "', return_id = '" . (int)$return_id . "', store_id = '" . (int)$this->config->get('config_store_id') . "', date_added = NOW(), date_updated = NOW()");
                        }
			]]></add>
		</operation>
	</file>
        <file path="catalog/controller/common/footer.php">
            <operation>
                    <search><![CDATA[$this->load->language('common/footer');]]></search>
                    <add position="after"><![CDATA[
                    $this->load->model('setting/kbmp_marketplace');
                    //Get the module configuration values
                    $store_id = (int) $this->config->get('config_store_id');
                    $settings = $this->model_setting_kbmp_marketplace->getSetting('kbmp_marketplace', $store_id);
                    $data['kbmp_marketplace_settings'] = $settings;

                    if (isset($settings['kbmp_marketplace_setting']['kbmp_module_enable']) && $settings['kbmp_marketplace_setting']['kbmp_module_enable']) {
                            $data['text_view_ticket'] = $this->language->get('text_view_ticket');

                            $data['view_ticket_link'] = $this->url->link('kbmp_marketplace/ticket/viewTicket');
                    }           
                    //Ends
                    ]]></add>
            </operation>
	</file>
        <file path="catalog/view/theme/*/template/common/footer.tpl">
            <operation>
                    <search><![CDATA[<li><a href="<?php echo $manufacturer; ?>"><?php echo $text_manufacturer; ?></a></li>]]></search>
                    <add position="after"><![CDATA[
                    <?php if(isset($view_ticket_link)){ ?>
                    <li><a href="<?php echo $view_ticket_link; ?>"><?php echo $text_view_ticket; ?></a></li>
                    <?php } ?>
                    ]]></add>
            </operation>
	</file>
        <file path="catalog/language/*/common/footer.php">
            <operation>
                    <search><![CDATA[$_['text_information']  = 'Information';]]></search>
                    <add position="after"><![CDATA[
                    $_['text_view_ticket']  = 'View Tickets';
                    ]]></add>
            </operation>
	</file>
        <file path="catalog/controller/account/order.php">
            <operation>
                    <search><![CDATA[$data['products'][] = array(]]></search>
                    <add position="before"><![CDATA[
                               
                        //code added by gopi to resolve the issue of trackin no. 27 feb--start
                        $this->load->model('setting/kbmp_marketplace');
                        //Get the module configuration values
                        $store_id = (int) $this->config->get('config_store_id');
                        $settings = $this->model_setting_kbmp_marketplace->getSetting('kbmp_marketplace', $store_id);
                        $this->load->model('kbmp_marketplace/kbmp_marketplace');
                        $this->load->language('kbmp_marketplace/account_module');  
                         if (isset($settings['kbmp_marketplace_setting']['kbmp_module_enable']) && $settings['kbmp_marketplace_setting']['kbmp_module_enable']) {

                            $data['text_tracking_column'] = $this->language->get('text_tracking_column');
                             $data['tracking_column'] = 1;
                             $tracking_number = $this->model_kbmp_marketplace_kbmp_marketplace->getProductTracking($order_id,$product['product_id']);
                             //inserting data in default product array
                                $data['products'][] = array(
                                        'tracking' => $tracking_number,
                                        'name'     => $product['name'],
                                        'model'    => $product['model'],
                                        'option'   => $option_data,
                                        'quantity' => $product['quantity'],
                                        'price'    => $this->currency->format($product['price'] + ($this->config->get('config_tax') ? $product['tax'] : 0), $order_info['currency_code'], $order_info['currency_value']),
                                        'total'    => $this->currency->format($product['total'] + ($this->config->get('config_tax') ? ($product['tax'] * $product['quantity']) : 0), $order_info['currency_code'], $order_info['currency_value']),
                                        'reorder'  => $reorder,
                                        'return'   => $this->url->link('account/return/add', 'order_id=' . $order_info['order_id'] . '&product_id=' . $product['product_id'], true)
                                );

                                continue;       

                         }else{
                            $data['tracking_column'] = 0; 
                         }
                        $this->load->language('account/order');
                        //code added by gopi to resolve the issue of trackin no. 27 feb--end                        

                    ]]></add>
            </operation>
	</file>
        <file path="catalog/view/theme/*/template/account/order_info.tpl">
            <operation>
                    <search><![CDATA[<td class="text-right"><?php echo $column_quantity; ?></td>]]></search>
                    <add position="after"><![CDATA[
                    <!--code to integrate tracking number code by gopi start -->
                    <?php if(isset($tracking_column) && $tracking_column ) { ?>
                    <td class="text-right"><?php echo $text_tracking_column; ?></td>
                    <?php } ?>
                    <!--code to integrate tracking number code by gopi end -->
                    ]]></add>
            </operation>
            <operation>
                    <search><![CDATA[<td class="text-right"><?php echo $product['quantity']; ?></td>]]></search>
                    <add position="after"><![CDATA[
                        <!--code to integrate tracking number code by gopi start -->
                        <?php if(isset($tracking_column) && $tracking_column ) { ?>
                          <td class="text-right"><?php echo $product['tracking']; ?></td>
                        <?php } ?>
                        <!--code to integrate tracking number code by gopi end -->
                    ]]></add>
            </operation>

	</file>
        
        <file path="admin/controller/sale/order.php">
            <operation>
                    <search><![CDATA[$data['products'][] = array(]]></search>
                    <add position="before"><![CDATA[
                               

                                //code added by gopi to resolve the issue of trackin no. 27 feb--start
                                $this->load->model('setting/kbmp_marketplace');
                                //Get the module configuration values
                                if (isset($this->request->get['store_id'])) {
                                    $store_id = $this->request->get['store_id'];
                                } else {
                                    $store_id = 0;
                                }
                                $settings = $this->model_setting_kbmp_marketplace->getSetting('kbmp_marketplace', $store_id);
                                $this->load->model('kbmp_marketplace/kbmp_marketplace');
                                $this->load->language('kbmp_marketplace/common');  
                                 if (isset($settings['kbmp_marketplace_setting']['kbmp_module_enable']) && $settings['kbmp_marketplace_setting']['kbmp_module_enable']) {

                                    $data['text_tracking_column'] = $this->language->get('text_tracking_column');
                                     $data['tracking_column'] = 1;
                                     $tracking_number = $this->model_kbmp_marketplace_kbmp_marketplace->getProductTracking($order_id,$product['product_id']);
                                     //inserting data in default product array
                                        $data['products'][] = array(
                                                'tracking'  => $tracking_number,
                                                'order_product_id' => $product['order_product_id'],
                                                'product_id'       => $product['product_id'],
                                                'name'    	 	   => $product['name'],
                                                'model'    		   => $product['model'],
                                                'option'   		   => $option_data,
                                                'quantity'		   => $product['quantity'],
                                                'price'    		   => $this->currency->format($product['price'] + ($this->config->get('config_tax') ? $product['tax'] : 0), $order_info['currency_code'], $order_info['currency_value']),
                                                'total'    		   => $this->currency->format($product['total'] + ($this->config->get('config_tax') ? ($product['tax'] * $product['quantity']) : 0), $order_info['currency_code'], $order_info['currency_value']),
                                                'href'     		   => $this->url->link('catalog/product/edit', 'token=' . $this->session->data['token'] . '&product_id=' . $product['product_id'], true)
                                        );

                                        continue;       

                                 }else{
                                    $data['tracking_column'] = 0; 
                                 }
                                $this->load->language('sale/order');
                                //code added by gopi to resolve the issue of trackin no. 27 feb--end                         

                    ]]></add>
            </operation>
	</file>
        <file path="admin/view/template/sale/order_info.tpl">
            <operation>
                    <search><![CDATA[<td class="text-right"><?php echo $column_quantity; ?></td>]]></search>
                    <add position="after"><![CDATA[
                    <!--code to integrate tracking number code by gopi start -->
                    <?php if(isset($tracking_column) && $tracking_column ) { ?>
                    <td class="text-right"><?php echo $text_tracking_column; ?></td>
                    <?php } ?>
                    <!--code to integrate tracking number code by gopi end -->
                    ]]></add>
            </operation>
            <operation>
                    <search><![CDATA[<td class="text-right"><?php echo $product['quantity']; ?></td>]]></search>
                    <add position="after"><![CDATA[
                        <!--code to integrate tracking number code by gopi start -->
                        <?php if(isset($tracking_column) && $tracking_column ) { ?>
                          <td class="text-right"><?php echo $product['tracking']; ?></td>
                        <?php } ?>
                        <!--code to integrate tracking number code by gopi end -->
                    ]]></add>
            </operation>

	</file>
        
        
</modification>
