<?xml version='1.0' encoding='UTF-8' ?> 
<modification>
	<name>KnowBand MarketPlace1</name>
        <code>knowbandMarketplace1</code>
	<version>3.1.5</version>
	<author>KnowBand</author>
	


	<file path="admin/controller/common/menu.php">
		<operation error="skip">
			<search><![CDATA[$data['openbay_show_menu'] = $this->config->get('openbaypro_menu');]]></search>
			<add position="before"><![CDATA[
			
                        $this->load->model('setting/kbmp_marketplace');
                        $data['kbmp_marketplace_check'] = $this->model_setting_kbmp_marketplace->checkInstalled('kbmp_marketplace');
                        $data['kbmp_email_templates'] = $this->url->link('kbmp_marketplace/seller_payout_request', 'token=' . $this->session->data['token'], true);
                        $data['kbmp_sellers_payout_request'] = $this->url->link('kbmp_marketplace/sellers_transaction', 'token=' . $this->session->data['token'], true);
                        $data['kbmp_admin_commissions'] = $this->url->link('kbmp_marketplace/admin_commission', 'token=' . $this->session->data['token'], true);
                        $data['kbmp_sellers_shipping'] = $this->url->link('kbmp_marketplace/sellers_shipping', 'token=' . $this->session->data['token'], true);
                        $data['kbmp_sellers_category_request_list'] = $this->url->link('kbmp_marketplace/sellers_category_request', 'token=' . $this->session->data['token'], true);
                        $data['kbmp_sellers_reviews'] = $this->url->link('kbmp_marketplace/sellers_review', 'token=' . $this->session->data['token'], true);
                        $data['kbmp_sellers_reviews_approval_list'] = $this->url->link('kbmp_marketplace/sellers_review_approval_list', 'token=' . $this->session->data['token'], true);
                        $data['kbmp_product_reviews'] = $this->url->link('kbmp_marketplace/products_review', 'token=' . $this->session->data['token'], true);
                        $data['kbmp_admin_orders'] = $this->url->link('kbmp_marketplace/admin_order', 'token=' . $this->session->data['token'], true);
                        $data['kbmp_sellers_orders'] = $this->url->link('kbmp_marketplace/sellers_order', 'token=' . $this->session->data['token'], true);
                        $data['kbmp_sellers_products'] = $this->url->link('kbmp_marketplace/products_list', 'token=' . $this->session->data['token'], true);
                        $data['kbmp_products_approval_list'] = $this->url->link('kbmp_marketplace/products_approval_list', 'token=' . $this->session->data['token'], true);
                        $data['kbmp_approval_list'] = $this->url->link('kbmp_marketplace/sellers_account_approval_list', 'token=' . $this->session->data['token'], true);
                        $data['kbmp_sellers_list'] = $this->url->link('kbmp_marketplace/sellers_list', 'token=' . $this->session->data['token'], true);
                        $data['kbmp_settings'] = $this->url->link('module/kbmp_marketplace', 'token=' . $this->session->data['token'], true);
						$data['kbmp_support'] = $this->url->link('module/support', 'token=' . $this->session->data['token'], true);						
			]]></add>
		</operation>
		<operation error="skip">
			<search><![CDATA[$data['text_openbay_order_import'] = $this->language->get('text_openbay_order_import');]]></search>
			<add position="after"><![CDATA[
			$this->load->language('kbmp_marketplace/common'); 	
                        $data['text_knowband_marketplace'] = $this->language->get('text_knowband_marketplace');
                        $data['text_kbmp_email_templates'] = $this->language->get('text_kbmp_email_templates');
                        $data['text_kbmp_sellers_payout_request'] = $this->language->get('text_kbmp_sellers_payout_request');
                        $data['text_kbmp_admin_commissions'] = $this->language->get('text_kbmp_admin_commissions');
                        $data['text_kbmp_sellers_shipping'] = $this->language->get('text_kbmp_sellers_shipping');
                        $data['text_kbmp_sellers_category_request_list'] = $this->language->get('text_kbmp_sellers_category_request_list');
                        $data['text_kbmp_sellers_reviews'] = $this->language->get('text_kbmp_sellers_reviews');
                        $data['text_kbmp_sellers_reviews_approval_list'] = $this->language->get('text_kbmp_sellers_reviews_approval_list');
                        $data['text_kbmp_product_reviews'] = $this->language->get('text_kbmp_product_reviews');
                        $data['text_kbmp_admin_orders'] = $this->language->get('text_kbmp_admin_orders');
                        $data['text_kbmp_sellers_orders'] = $this->language->get('text_kbmp_sellers_orders');
                        $data['text_kbmp_sellers_products'] = $this->language->get('text_kbmp_sellers_products');
                        $data['text_kbmp_products_approval_list'] = $this->language->get('text_kbmp_products_approval_list');
                        $data['text_kbmp_approval_list'] = $this->language->get('text_kbmp_approval_list');
                        $data['text_kbmp_sellers_list'] = $this->language->get('text_kbmp_sellers_list');
                        $data['text_kbmp_settings'] = $this->language->get('text_kbmp_settings');
						$data['text_kbmp_support'] = $this->language->get('text_kbmp_support');	
$this->load->language('common/menu'); 											
			]]></add>
		</operation>
	</file>
	<file path="admin/view/template/common/menu.tpl">
		<operation error="skip">
			<search><![CDATA[<li id="reports"><a class="parent"><i class="fa fa-bar-chart-o fa-fw"></i> <span><?php echo $text_reports; ?></span></a>]]></search>
			<add position="before"><![CDATA[
                        <?php if($kbmp_marketplace_check){ ?>
                        <li id="system"><a class="parent"><i class="fa fa-line-chart"></i> <span><?php echo $text_knowband_marketplace; ?></span></a>
                            <ul>
                              <li><a href="<?php echo $kbmp_settings; ?>"><?php echo $text_kbmp_settings; ?></a></li>
                                <li><a href="<?php echo $kbmp_sellers_list; ?>"><?php echo $text_kbmp_sellers_list; ?></a></li>
                                <li><a href="<?php echo $kbmp_approval_list; ?>"><?php echo $text_kbmp_approval_list; ?></a></li>
                                <li><a href="<?php echo $kbmp_products_approval_list; ?>"><?php echo $text_kbmp_products_approval_list; ?></a></li>
                                <li><a href="<?php echo $kbmp_sellers_products; ?>"><?php echo $text_kbmp_sellers_products; ?></a></li>
                                <li><a href="<?php echo $kbmp_sellers_orders; ?>"><?php echo $text_kbmp_sellers_orders; ?></a></li>
                                <li><a href="<?php echo $kbmp_admin_orders; ?>"><?php echo $text_kbmp_admin_orders; ?></a></li>
                                <li><a href="<?php echo $kbmp_product_reviews; ?>"><?php echo $text_kbmp_product_reviews; ?></a></li>
                                <li><a href="<?php echo $kbmp_sellers_reviews_approval_list; ?>"><?php echo $text_kbmp_sellers_reviews_approval_list; ?></a></li>
                                <li><a href="<?php echo $kbmp_sellers_reviews; ?>"><?php echo $text_kbmp_sellers_reviews; ?></a></li>
                                <li><a href="<?php echo $kbmp_sellers_category_request_list; ?>"><?php echo $text_kbmp_sellers_category_request_list; ?></a></li>
                                <li><a href="<?php echo $kbmp_sellers_shipping; ?>"><?php echo $text_kbmp_sellers_shipping; ?></a></li>
                                <li><a href="<?php echo $kbmp_admin_commissions; ?>"><?php echo $text_kbmp_admin_commissions; ?></a></li>
                                <li><a href="<?php echo $kbmp_sellers_payout_request; ?>"><?php echo $text_kbmp_sellers_payout_request; ?></a></li>
                                <li><a href="<?php echo $kbmp_email_templates; ?>"><?php echo $text_kbmp_email_templates; ?></a></li>
								<li><a href="<?php echo $kbmp_support; ?>"><?php echo $text_kbmp_support; ?></a></li>
                            </ul>
                        </li>
                        <?php } ?>
			]]></add>
		</operation>
	</file>
        <file path="catalog/controller/common/header.php" error="log">
		<operation>
			<search><![CDATA[$data['text_logout'] = $this->language->get('text_logout');]]></search>
			<add position="after"><![CDATA[
                        $this->load->language('kbmp_marketplace/header');  
			$this->load->model('setting/kbmp_marketplace');
                        //Get the module configuration values
                        $store_id = (int) $this->config->get('config_store_id');
                        $settings = $this->model_setting_kbmp_marketplace->getSetting('kbmp_marketplace', $store_id);
                        $data['kbmp_marketplace_settings'] = $settings;

                        //Start - Condition added to check if module is enabled - added on 15-Jan-2019 by Harsh
                        if (isset($settings['kbmp_marketplace_setting']['kbmp_module_enable']) && $settings['kbmp_marketplace_setting']['kbmp_module_enable']) {
				$data['text_dashboard'] = $this->language->get('text_dashboard');
                                $data['text_seller_profile'] = $this->language->get('text_seller_profile');
                                $data['text_seller_products'] = $this->language->get('text_products');
                                $data['text_seller_orders'] = $this->language->get('text_orders');
                                $data['text_product_reviews'] = $this->language->get('text_product_reviews');
                                $data['text_seller_reviews'] = $this->language->get('text_seller_reviews');
                                $data['text_seller_earning'] = $this->language->get('text_earning');
                                $data['text_seller_transactions'] = $this->language->get('text_transactions');
                                $data['text_payoutRequest'] = $this->language->get('text_payoutRequest');
                                $data['text_category_request'] = $this->language->get('text_category_request');
                                $data['text_seller_shipping'] = $this->language->get('text_shipping');
                                $data['text_product_return'] = $this->language->get('text_product_return');
                                $data['text_product_import'] = $this->language->get('text_product_import');
                                $data['text_coupons'] = $this->language->get('text_coupons');
                                $data['text_downloads'] = $this->language->get('text_downloads');
                                $data['text_support_system'] = $this->language->get('text_support_system');
                                $data['text_back_to_site'] = $this->language->get('text_back_to_site');
                                $data['text_sellers'] = $this->language->get('text_sellers');
                                $data['text_seller_account'] = $this->language->get('text_seller_account');
		                    
                                $data['sellers'] = $this->url->link('kbmp_marketplace/sellers', '', true);
		                $data['home_link'] = $this->url->link('common/home');
                                $data['dashboard_link'] = $this->url->link('kbmp_marketplace/dashboard');
                                $data['seller_profile_link'] = $this->url->link('kbmp_marketplace/seller_profile');
                                $data['products_link'] = $this->url->link('kbmp_marketplace/products');
                                $data['orders_link'] = $this->url->link('kbmp_marketplace/orders');
                                $data['product_reviews_link'] = $this->url->link('kbmp_marketplace/product_reviews');
                                $data['seller_reviews_link'] = $this->url->link('kbmp_marketplace/seller_reviews');
                                $data['earning_link'] = $this->url->link('kbmp_marketplace/earning');
                                $data['transactions_link'] = $this->url->link('kbmp_marketplace/transactions');
                                $data['payoutRequest_link'] = $this->url->link('kbmp_marketplace/payoutRequest');
                                $data['category_request_link'] = $this->url->link('kbmp_marketplace/category_request');
                                $data['shipping_link'] = $this->url->link('kbmp_marketplace/shipping');
                                $data['product_import_link'] = $this->url->link('kbmp_marketplace/product_import');
                                $data['return_link'] = $this->url->link('kbmp_marketplace/return');
                                $data['coupon_link'] = $this->url->link('kbmp_marketplace/coupon');
                                $data['downloads_link'] = $this->url->link('kbmp_marketplace/download');
                                $data['support_link'] = $this->url->link('kbmp_marketplace/support');
	         	}   
                        $this->load->language('common/header');           
                        //Ends
			]]></add>
		</operation>
                <operation>
			<search><![CDATA[$this->load->model('catalog/product');]]></search>
			<add position="after"><![CDATA[
			$this->load->model('kbmp_marketplace/kbmp_marketplace');
                        $data['is_seller'] = $this->model_kbmp_marketplace_kbmp_marketplace->is_seller();
			]]></add>
		</operation>
                <operation>
			<search><![CDATA[$data['keywords'] = $this->document->getKeywords();]]></search>
			<add position="replace"><![CDATA[
			if (isset($this->request->get['route']) && $this->request->get['route'] == 'kbmp_marketplace/sellers') {
                            $this->load->model('setting/kbmp_marketplace');
                            $store_id = (int) $this->config->get('config_store_id');
                            $settings = $this->model_setting_kbmp_marketplace->getSetting('kbmp_marketplace', $store_id);
                            $data['keywords'] = $settings['kbmp_marketplace_setting']['kbmp_seller_listing_meta_keywords'];
                        } else {
                            $data['keywords'] = $this->document->getKeywords();
                        }
			]]></add>
		</operation>
                <operation>
			<search><![CDATA[$data['description'] = $this->document->getDescription();]]></search>
			<add position="replace"><![CDATA[
			if (isset($this->request->get['route']) && $this->request->get['route'] == 'kbmp_marketplace/sellers') {
                            $this->load->model('setting/kbmp_marketplace');
                            $store_id = (int) $this->config->get('config_store_id');
                            $settings = $this->model_setting_kbmp_marketplace->getSetting('kbmp_marketplace', $store_id);
                            $data['description'] = $settings['kbmp_marketplace_setting']['kbmp_seller_listing_meta_description'];
                        } else {
                            $data['description'] = $this->document->getDescription();
                        }
			]]></add>
		</operation>
	</file>
        <file path="catalog/view/theme/*/template/common/header.tpl" error="log">
		<operation>
			<search><![CDATA[<ul class="list-inline">]]></search>
			<add position="after"><![CDATA[
                        <?php
			//Start - Condition added to check if module is enabled - added on 15-Jan-2019 by Harsh
                        if (isset($kbmp_marketplace_settings['kbmp_marketplace_setting']['kbmp_module_enable']) && $kbmp_marketplace_settings['kbmp_marketplace_setting']['kbmp_module_enable']) {	
				if (isset($kbmp_marketplace_settings['kbmp_marketplace_setting']['kbmp_show_seller_on_front']) && $kbmp_marketplace_settings['kbmp_marketplace_setting']['kbmp_show_seller_on_front']) { ?>
				<li><a href="<?php echo $sellers; ?>"><i class="fa fa-users"></i> <span class="hidden-xs hidden-sm hidden-md"><?php echo $text_sellers; ?></span></a></li>
		                <?php } ?>
		                <?php if ($logged && $is_seller) { ?>
		                <li class="dropdown"><a href="javascript://" title="<?php echo $text_seller_account; ?>" class="dropdown-toggle" data-toggle="dropdown"><i class="fa fa-user"></i> <span class="hidden-xs hidden-sm hidden-md"><?php echo $text_seller_account; ?></span></a>
		                    <ul class="dropdown-menu dropdown-menu-right">
		                        <li><a href="<?php echo $dashboard_link; ?>"><?php echo $text_dashboard; ?></a></li>
		                        <li><a href="<?php echo $seller_profile_link; ?>"><?php echo $text_seller_profile; ?></a></li>
		                        <li><a href="<?php echo $products_link; ?>"><?php echo $text_seller_products; ?></a></li>
		                        <li><a href="<?php echo $orders_link; ?>"><?php echo $text_seller_orders; ?></a></li>
		                        <li><a href="<?php echo $product_reviews_link; ?>"><?php echo $text_product_reviews; ?></a></li>
		                        <li><a href="<?php echo $seller_reviews_link; ?>"><?php echo $text_seller_reviews; ?></a></li>
		                        <li><a href="<?php echo $earning_link; ?>"><?php echo $text_seller_earning; ?></a></li>
		                        <li><a href="<?php echo $transactions_link; ?>"><?php echo $text_seller_transactions; ?></a></li>
		                        <li><a href="<?php echo $payoutRequest_link; ?>"><?php echo $text_payoutRequest; ?></a></li>
		                        <li><a href="<?php echo $category_request_link; ?>"><?php echo $text_category_request; ?></a></li>
		                        <?php if (isset($kbmp_marketplace_settings['kbmp_marketplace_setting']['kbmp_seller_shipping']) && $kbmp_marketplace_settings['kbmp_marketplace_setting']['kbmp_seller_shipping']) { ?>
		                        <li><a href="<?php echo $shipping_link; ?>"><?php echo $text_seller_shipping; ?></a></li>
		                        <?php } ?>
		                        <li><a href="<?php echo $product_import_link; ?>"><?php echo $text_product_import ?></a></li>
		                        <li><a href="<?php echo $return_link; ?>"><?php echo $text_product_return ?></a></li>
		                        <li><a href="<?php echo $coupon_link; ?>"><?php echo $text_coupons ?></a></li>
		                        <li><a href="<?php echo $downloads_link; ?>"><?php echo $text_downloads ?></a></li>
		                        <li><a href="<?php echo $support_link; ?>"><?php echo $text_support_system ?></a></li>
		                    </ul>
		                </li>
		                <?php } 
			}
			//Ends	
			?>
			]]></add>
		</operation>
	</file>
        <file path="catalog/controller/account/register.php" error="log">
		<operation>
			<search><![CDATA[$data['entry_newsletter'] = $this->language->get('entry_newsletter');]]></search>
			<add position="after"><![CDATA[
                        $this->load->language('kbmp_marketplace/account_module');    
                            
                        $data['text_register_seller'] = $this->language->get('text_register_seller');
                        $data['entry_seller'] = $this->language->get('entry_seller');
                        $data['link_text_seller_agreement'] = $this->language->get('link_text_seller_agreement');
                        $data['heading_seller_agreement'] = $this->language->get('heading_seller_agreement');
                        $this->load->language('account/register');  
			]]></add>
		</operation>
                <operation>
			<search><![CDATA[if (isset($this->request->post['newsletter'])) {]]></search>
			<add position="before"><![CDATA[
                        if (isset($this->request->post['seller'])) {
                                $data['seller'] = $this->request->post['seller'];
                        } else {
                                $data['seller'] = '';
                        }
                            
                        $this->load->model('setting/kbmp_marketplace');
                        //Get the module configuration values
                        $store_id = (int) $this->config->get('config_store_id');
                        $settings = $this->model_setting_kbmp_marketplace->getSetting('kbmp_marketplace', $store_id);
                        $data['kbmp_marketplace_settings'] = $settings;
                        $data['current_language'] = $this->config->get('config_language_id');
			]]></add>
		</operation>
                <operation>
			<search><![CDATA[$customer_id = $this->model_account_customer->addCustomer($this->request->post);]]></search>
			<add position="after"><![CDATA[
                        $this->load->model('setting/kbmp_marketplace');
                        //Get the module configuration values
                        $store_id = (int) $this->config->get('config_store_id');
                        $settings = $this->model_setting_kbmp_marketplace->getSetting('kbmp_marketplace', $store_id);
                        if (isset($customer_id) && !empty($customer_id) && isset($this->request->post['seller']) && !empty($this->request->post['seller']) && $settings['kbmp_marketplace_setting']['kbmp_seller_registration']) {
                            $this->load->model('kbmp_marketplace/kbmp_marketplace');
                            $this->model_kbmp_marketplace_kbmp_marketplace->addSeller($customer_id, $this->request->post, $settings, $store_id);
                            
                            //Send Welcome Mail
                            $email_template = $this->model_kbmp_marketplace_kbmp_marketplace->getEmailTemplate(1);
                            
                            if (isset($email_template) && !empty($email_template)) {
                                $message = str_replace("{{email}}", $this->request->post['email'] , $email_template['email_content']); //Seller Email
                                $message = str_replace("{{full_name}}", $this->request->post['firstname'] . ' ' . $this->request->post['lastname'] , $message); //Seller Full Name

                                $email_content  = '<!DOCTYPE html PUBLIC "-//W3C//DTD HTML 4.01//EN" "http://www.w3.org/TR/1999/REC-html401-19991224/strict.dtd">' . "\n";
                                $email_content .= '<html>' . "\n";
                                $email_content .= '  <head>' . "\n";
                                $email_content .= '    <title>' . $email_template['email_subject'] . '</title>' . "\n";
                                $email_content .= '    <meta http-equiv="Content-Type" content="text/html; charset=UTF-8">' . "\n";
                                $email_content .= '  </head>' . "\n";
                                $email_content .= '  <body>' . html_entity_decode($message, ENT_QUOTES, 'UTF-8') . '</body>' . "\n";
                                $email_content .= '</html>' . "\n";

                                $mail = new Mail();
                                $mail->protocol = $this->config->get('config_mail_protocol');
                                $mail->parameter = $this->config->get('config_mail_parameter');
                                $mail->smtp_hostname = $this->config->get('config_mail_smtp_hostname');
                                $mail->smtp_username = $this->config->get('config_mail_smtp_username');
                                $mail->smtp_password = html_entity_decode($this->config->get('config_mail_smtp_password'), ENT_QUOTES, 'UTF-8');
                                $mail->smtp_port = $this->config->get('config_mail_smtp_port');
                                $mail->smtp_timeout = $this->config->get('config_mail_smtp_timeout');

                                $mail->setTo($this->request->post['email']);
                                $mail->setFrom($this->config->get('config_email'));
                                $mail->setSender(html_entity_decode($this->config->get('config_name'), ENT_QUOTES, 'UTF-8'));
                                $mail->setSubject(html_entity_decode($email_template['email_subject'], ENT_QUOTES, 'UTF-8'));
                                $mail->setHtml($email_content);
                                $mail->send();
                            }
                            
                            //Send Notification to Admin
                            $email_template = $this->model_kbmp_marketplace_kbmp_marketplace->getEmailTemplate(4);
                            
                            if (isset($email_template) && !empty($email_template)) {
                                $message = str_replace("{{email}}", $this->request->post['email'] , $email_template['email_content']); //Seller Email
                                $message = str_replace("{{full_name}}", $this->request->post['firstname'] . ' ' . $this->request->post['lastname'] , $message); //Seller Full Name

                                $email_content  = '<!DOCTYPE html PUBLIC "-//W3C//DTD HTML 4.01//EN" "http://www.w3.org/TR/1999/REC-html401-19991224/strict.dtd">' . "\n";
                                $email_content .= '<html>' . "\n";
                                $email_content .= '  <head>' . "\n";
                                $email_content .= '    <title>' . $email_template['email_subject'] . '</title>' . "\n";
                                $email_content .= '    <meta http-equiv="Content-Type" content="text/html; charset=UTF-8">' . "\n";
                                $email_content .= '  </head>' . "\n";
                                $email_content .= '  <body>' . html_entity_decode($message, ENT_QUOTES, 'UTF-8') . '</body>' . "\n";
                                $email_content .= '</html>' . "\n";

                                $mail = new Mail();
                                $mail->protocol = $this->config->get('config_mail_protocol');
                                $mail->parameter = $this->config->get('config_mail_parameter');
                                $mail->smtp_hostname = $this->config->get('config_mail_smtp_hostname');
                                $mail->smtp_username = $this->config->get('config_mail_smtp_username');
                                $mail->smtp_password = html_entity_decode($this->config->get('config_mail_smtp_password'), ENT_QUOTES, 'UTF-8');
                                $mail->smtp_port = $this->config->get('config_mail_smtp_port');
                                $mail->smtp_timeout = $this->config->get('config_mail_smtp_timeout');

                                $mail->setTo($this->config->get('config_email'));
                                $mail->setFrom($this->config->get('config_email'));
                                $mail->setSender(html_entity_decode($this->config->get('config_name'), ENT_QUOTES, 'UTF-8'));
                                $mail->setSubject(html_entity_decode($email_template['email_subject'], ENT_QUOTES, 'UTF-8'));
                                $mail->setHtml($email_content);
                                $mail->send();
                            }
                        }
			]]></add>
		</operation>
	</file>
        <file path="catalog/view/theme/*/template/account/register.tpl">
		<operation error="log">
			<search><![CDATA[<?php if ($text_agree) { ?>]]></search>
			<add position="before"><![CDATA[
                        <?php 
			//Start - Condition added to check if module is enabled - added on 15-Jan-2019 by Harsh
                        if (isset($kbmp_marketplace_settings['kbmp_marketplace_setting']['kbmp_module_enable']) && $kbmp_marketplace_settings['kbmp_marketplace_setting']['kbmp_module_enable']) {
				if (isset($kbmp_marketplace_settings['kbmp_marketplace_setting']['kbmp_seller_registration']) && $kbmp_marketplace_settings['kbmp_marketplace_setting']['kbmp_seller_registration']) { ?>
				<fieldset>
		                    <legend><?php echo $text_register_seller; ?></legend>
		                    <div class="form-group">
		                      <label class="col-sm-2 control-label"><?php echo $entry_seller; ?></label>
		                      <div class="col-sm-10">
		                        <?php if ($seller) { ?>
		                        <label class="radio-inline">
		                          <input type="radio" name="seller" value="1" checked="checked" />
		                          <?php echo $text_yes; ?></label>
		                        <label class="radio-inline">
		                          <input type="radio" name="seller" value="0" />
		                          <?php echo $text_no; ?></label>
		                        <?php } else { ?>
		                        <label class="radio-inline">
		                          <input type="radio" name="seller" value="1" />
		                          <?php echo $text_yes; ?></label>
		                        <label class="radio-inline">
		                          <input type="radio" name="seller" value="0" checked="checked" />
		                          <?php echo $text_no; ?></label>
		                        <?php } ?>
		                    
		                        <br>(<a href="#seller_agreement_popup" data-target="#seller_agreement_popup" data-toggle="modal"><?php echo $link_text_seller_agreement; ?></a>)
		                      </div>
		                    </div>
		                </fieldset>
		                    <div id="seller_agreement_popup" class="modal fade" role="dialog">
		                        <div class="modal-dialog">
		                            <div class="modal-content">
		                                <div class="modal-header">
		                                    <button type="button" class="close" data-dismiss="modal">×</button>
		                                    <h4 class="modal-title"><?php echo $heading_seller_agreement; ?></h4>
		                                </div>
		                                <div class="modal-body">
		                                    <p><?php echo $kbmp_marketplace_settings['kbmp_marketplace_seller_agreement']['seller_agreement_'.$current_language]; ?></p>
		                                </div>
		                            </div>
		                        </div>
		                    </div>
		                <?php }
			}
			//Ends
			?>
			]]></add>
		</operation>
	</file>

        <file path="catalog/controller/account/account.php" error="log">
		<operation>
			<search><![CDATA[$data['text_recurring'] = $this->language->get('text_recurring');]]></search>
			<add position="after"><![CDATA[
			$this->load->model('setting/kbmp_marketplace');
                        $this->load->language('kbmp_marketplace/account_page_lang');  
                        //Get the module configuration values
                        $store_id = (int) $this->config->get('config_store_id');
                        $settings = $this->model_setting_kbmp_marketplace->getSetting('kbmp_marketplace', $store_id);
                        $data['kbmp_marketplace_settings'] = $settings;

                        //Start - Condition added to check if module is enabled - added on 15-Jan-2019 by Harsh
                        if (isset($settings['kbmp_marketplace_setting']['kbmp_module_enable']) && $settings['kbmp_marketplace_setting']['kbmp_module_enable']) {
				$data['text_seller_account'] = $this->language->get('text_seller_account');
				$data['text_dashboard'] = $this->language->get('text_dashboard');
				$data['text_seller_profile'] = $this->language->get('text_seller_profile');
				$data['text_seller_products'] = $this->language->get('text_seller_products');
				$data['text_seller_orders'] = $this->language->get('text_seller_orders');
				$data['text_product_reviews'] = $this->language->get('text_product_reviews');
				$data['text_seller_reviews'] = $this->language->get('text_seller_reviews');
				$data['text_seller_earning'] = $this->language->get('text_seller_earning');
				$data['text_seller_transactions'] = $this->language->get('text_seller_transactions');
				$data['text_payout_request'] = $this->language->get('text_payout_request');
				$data['text_category_request'] = $this->language->get('text_category_request');
				$data['text_payout_request'] = $this->language->get('text_payout_request');
				$data['text_product_import'] = $this->language->get('text_product_import');
				$data['text_product_return'] = $this->language->get('text_product_return');
				$data['text_coupons'] = $this->language->get('text_coupons');
				$data['text_downloads'] = $this->language->get('text_downloads');
				$data['text_support_system'] = $this->language->get('text_support_system');
				$data['text_seller_shipping'] = $this->language->get('text_seller_shipping');
				$data['text_seller'] = $this->language->get('text_seller');
		                    
		                $data['dashboard'] = $this->url->link('kbmp_marketplace/dashboard', '', true);
		                $data['seller_profile'] = $this->url->link('kbmp_marketplace/seller_profile', '', true);
		                $data['seller_products'] = $this->url->link('kbmp_marketplace/products', '', true);
		                $data['seller_orders'] = $this->url->link('kbmp_marketplace/orders', '', true);
		                $data['product_reviews'] = $this->url->link('kbmp_marketplace/product_reviews', '', true);
		                $data['seller_reviews'] = $this->url->link('kbmp_marketplace/seller_reviews', '', true);
		                $data['seller_earning'] = $this->url->link('kbmp_marketplace/earning', '', true);
		                $data['seller_transactions'] = $this->url->link('kbmp_marketplace/transactions', '', true);
		                $data['payout_request'] = $this->url->link('kbmp_marketplace/payoutRequest', '', true);
		                $data['product_import'] = $this->url->link('kbmp_marketplace/product_import', '', true);
		                $data['product_return'] = $this->url->link('kbmp_marketplace/return', '', true);
		                $data['coupons'] = $this->url->link('kbmp_marketplace/coupon', '', true);
		                $data['downloads'] = $this->url->link('kbmp_marketplace/download', '', true);
		                $data['support'] = $this->url->link('kbmp_marketplace/support', '', true);
		                $data['category_request'] = $this->url->link('kbmp_marketplace/category_request', '', true);
		                $data['seller_shipping'] = $this->url->link('kbmp_marketplace/shipping', '', true);
		                $data['seller'] = $this->url->link('account/seller', '', true);
		                    
		                $this->load->model('kbmp_marketplace/kbmp_marketplace');
		                $data['is_seller'] = $this->model_kbmp_marketplace_kbmp_marketplace->is_seller();
			}
                        $this->load->language('account/account'); 
			//Ends
			]]></add>
		</operation>
	</file>
        <file path="catalog/view/theme/*/template/account/account.tpl">
		<operation error="log">
			<search><![CDATA[<h2><?php echo $text_my_newsletter; ?></h2>]]></search>
			<add position="before"><![CDATA[
                        <?php
			//Start - Condition added to check if module is enabled - added on 15-Jan-2019 by Harsh
                        if (isset($kbmp_marketplace_settings['kbmp_marketplace_setting']['kbmp_module_enable']) && $kbmp_marketplace_settings['kbmp_marketplace_setting']['kbmp_module_enable']) {
				if ($is_seller) { ?>
				<h2><?php echo $text_seller_account; ?></h2>
		                <ul class="list-unstyled">
		                    <li><a href="<?php echo $dashboard; ?>"><?php echo $text_dashboard; ?></a></li>
		                    <li><a href="<?php echo $seller_profile; ?>"><?php echo $text_seller_profile; ?></a></li>
		                    <li><a href="<?php echo $seller_products; ?>"><?php echo $text_seller_products; ?></a></li>
		                    <li><a href="<?php echo $seller_orders; ?>"><?php echo $text_seller_orders; ?></a></li>
		                    <li><a href="<?php echo $product_reviews; ?>"><?php echo $text_product_reviews; ?></a></li>
		                    <li><a href="<?php echo $seller_reviews; ?>"><?php echo $text_seller_reviews; ?></a></li>
		                    <li><a href="<?php echo $seller_earning; ?>"><?php echo $text_seller_earning; ?></a></li>
		                    <li><a href="<?php echo $seller_transactions; ?>"><?php echo $text_seller_transactions; ?></a></li>
		                    <li><a href="<?php echo $payout_request; ?>"><?php echo $text_payout_request; ?></a></li>
		                    <li><a href="<?php echo $category_request; ?>"><?php echo $text_category_request; ?></a></li>
		                    <?php if (isset($kbmp_marketplace_settings['kbmp_marketplace_setting']['kbmp_seller_shipping']) && $kbmp_marketplace_settings['kbmp_marketplace_setting']['kbmp_seller_shipping']) { ?>
		                    <li><a href="<?php echo $seller_shipping; ?>"><?php echo $text_seller_shipping; ?></a></li>
		                    <?php } ?>
		                    <li><a href="<?php echo $product_import; ?>"><?php echo $text_product_import; ?></a></li>
		                    <li><a href="<?php echo $product_return; ?>"><?php echo $text_product_return; ?></a></li>
		                    <li><a href="<?php echo $coupons; ?>"><?php echo $text_coupons; ?></a></li>
		                    <li><a href="<?php echo $downloads; ?>"><?php echo $text_downloads; ?></a></li>
		                    <li><a href="<?php echo $support; ?>"><?php echo $text_support_system; ?></a></li>
		                </ul>
		                <?php } else { ?>
		                <h2><?php echo $text_seller_account; ?></h2>
		                <ul class="list-unstyled">
		                  <li><a href="<?php echo $seller; ?>"><?php echo $text_seller; ?></a></li>
		                </ul>
		                <?php }
			}
			//Ends			
			?>
			]]></add>
		</operation>
	</file>

        <file path="catalog/controller/module/account.php" error="log">
		<operation>
			<search><![CDATA[$data['recurring'] = $this->url->link('account/recurring', '', true);]]></search>
			<add position="after"><![CDATA[
			$this->load->model('setting/kbmp_marketplace');
                        $this->load->language('kbmp_marketplace/account_module'); 
                        //Get the module configuration values
                        $store_id = (int) $this->config->get('config_store_id');
                        $settings = $this->model_setting_kbmp_marketplace->getSetting('kbmp_marketplace', $store_id);
                        $data['kbmp_marketplace_settings'] = $settings;

                        //Start - Condition added to check if module is enabled - added on 15-Jan-2019 by Harsh
                        if (isset($settings['kbmp_marketplace_setting']['kbmp_module_enable']) && $settings['kbmp_marketplace_setting']['kbmp_module_enable']) {
				$data['text_dashboard'] = $this->language->get('text_dashboard');
				$data['text_seller_profile'] = $this->language->get('text_seller_profile');
				$data['text_seller_products'] = $this->language->get('text_seller_products');
				$data['text_seller_orders'] = $this->language->get('text_seller_orders');
				$data['text_product_reviews'] = $this->language->get('text_product_reviews');
				$data['text_seller_reviews'] = $this->language->get('text_seller_reviews');
				$data['text_seller_earning'] = $this->language->get('text_seller_earning');
				$data['text_seller_transactions'] = $this->language->get('text_seller_transactions');
				$data['text_category_request'] = $this->language->get('text_category_request');
				$data['text_seller_shipping'] = $this->language->get('text_seller_shipping');
		                    
		                $data['dashboard'] = $this->url->link('kbmp_marketplace/dashboard', '', true);
		                $data['seller_profile'] = $this->url->link('kbmp_marketplace/seller_profile', '', true);
		                $data['seller_products'] = $this->url->link('kbmp_marketplace/products', '', true);
		                $data['seller_orders'] = $this->url->link('kbmp_marketplace/orders', '', true);
		                $data['product_reviews'] = $this->url->link('kbmp_marketplace/product_reviews', '', true);
		                $data['seller_reviews'] = $this->url->link('kbmp_marketplace/seller_reviews', '', true);
		                $data['seller_earning'] = $this->url->link('kbmp_marketplace/earning', '', true);
		                $data['seller_transactions'] = $this->url->link('kbmp_marketplace/transactions', '', true);
		                $data['category_request'] = $this->url->link('kbmp_marketplace/category_request', '', true);
		                $data['seller_shipping'] = $this->url->link('kbmp_marketplace/shipping', '', true);
		                    
		                $this->load->model('kbmp_marketplace/kbmp_marketplace');
		                $data['is_seller'] = $this->model_kbmp_marketplace_kbmp_marketplace->is_seller();
			}
                        $this->load->language('module/account');
			//Ends
			]]></add>
		</operation>
	</file>
        <file path="catalog/view/theme/*/template/module/account.tpl">
		<operation error="log">
			<search><![CDATA[</div>]]></search>
			<add position="after"><![CDATA[
                        <?php 
			//Start - Condition added to check if module is enabled - added on 15-Jan-2019 by Harsh
                        if (isset($kbmp_marketplace_settings['kbmp_marketplace_setting']['kbmp_module_enable']) && $kbmp_marketplace_settings['kbmp_marketplace_setting']['kbmp_module_enable']) {
				if ($is_seller) { ?>
		                <div class="list-group">
		                    <a href="<?php echo $dashboard; ?>" class="list-group-item"><?php echo $text_dashboard; ?></a>
		                    <a href="<?php echo $seller_profile; ?>" class="list-group-item"><?php echo $text_seller_profile; ?></a>
		                    <a href="<?php echo $seller_products; ?>" class="list-group-item"><?php echo $text_seller_products; ?></a>
		                    <a href="<?php echo $seller_orders; ?>" class="list-group-item"><?php echo $text_seller_orders; ?></a>
		                    <a href="<?php echo $product_reviews; ?>" class="list-group-item"><?php echo $text_product_reviews; ?></a>
		                    <a href="<?php echo $seller_reviews; ?>" class="list-group-item"><?php echo $text_seller_reviews; ?></a>
		                    <a href="<?php echo $seller_earning; ?>" class="list-group-item"><?php echo $text_seller_earning; ?></a>
		                    <a href="<?php echo $seller_transactions; ?>" class="list-group-item"><?php echo $text_seller_transactions; ?></a>
		                    <a href="<?php echo $category_request; ?>" class="list-group-item"><?php echo $text_category_request; ?></a>
		                    <?php if (isset($kbmp_marketplace_settings['kbmp_marketplace_setting']['kbmp_seller_shipping']) && $kbmp_marketplace_settings['kbmp_marketplace_setting']['kbmp_seller_shipping']) { ?>
		                    <a href="<?php echo $seller_shipping; ?>" class="list-group-item"><?php echo $text_seller_shipping; ?></a>
		                    <?php } ?>
		                </div>
		                <?php } 
			}
			//Ends		
			?>
			]]></add>
		</operation>
	</file>
        <file path="admin/controller/customer/customer.php">
                <operation error="log">
			<search><![CDATA[$data['action']]]></search>
			<add position="before"><![CDATA[
                        if (isset($this->request->get['redirect']) && !empty($this->request->get['redirect'])) {
                            $url .= '&redirect=' . $this->request->get['redirect'];
                        }
			]]></add>
		</operation>
		<operation error="log">
			<search><![CDATA[$this->response->redirect($this->url->link('customer/customer', 'token=' . $this->session->data['token'] . $url, true));]]></search>
			<add position="before"><![CDATA[
                        if (isset($this->request->get['redirect']) && $this->request->get['redirect'] == 'sellers_list') {
                            $this->response->redirect($this->url->link('kbmp_marketplace/sellers_list', 'token=' . $this->session->data['token'], true));
                        } else if (isset($this->request->get['redirect']) && $this->request->get['redirect'] == 'sellers_account_approval_list') {
                            $this->response->redirect($this->url->link('kbmp_marketplace/sellers_account_approval_list', 'token=' . $this->session->data['token'], true));
                        }
			]]></add>
		</operation>
                <operation error="log">
			<search><![CDATA[$data['tab_ip'] = $this->language->get('tab_ip');]]></search>
			<add position="after"><![CDATA[
                        //Seller Config
                        $this->load->language('kbmp_marketplace/common'); 
                        $this->document->addStyle('view/stylesheet/kbmp_marketplace/kbmp_validation.css');

                        $this->load->model('kbmp_marketplace/kbmp_marketplace');
                        $is_seller = $this->model_kbmp_marketplace_kbmp_marketplace->is_seller($this->request->get['customer_id']);
                        $data['is_seller'] = $is_seller;
                        if (isset($is_seller) && $is_seller) {
                            $data['tab_seller'] = $this->language->get('tab_seller');
                            $data['label_default_commission'] = $this->language->get('label_default_commission');
                            $data['label_new_product_approval'] = $this->language->get('label_new_product_approval');
                            $data['label_enable_seller_review'] = $this->language->get('label_enable_seller_review');
                            $data['label_seller_review_approval_required'] = $this->language->get('label_seller_review_approval_required');
                            $data['label_send_email_order_place'] = $this->language->get('label_send_email_order_place');
                            $data['label_categories_allowed'] = $this->language->get('label_categories_allowed');
                            $data['help_block_categories_allowed'] = $this->language->get('help_block_categories_allowed');
                            $data['text_categories'] = $this->language->get('text_categories');
                            $data['text_yes'] = $this->language->get('text_yes');
                            $data['text_no'] = $this->language->get('text_no');
                            $data['text_use_global'] = $this->language->get('text_use_global');

                            //Get Seller ID by Customer ID
                            $seller = $this->model_kbmp_marketplace_kbmp_marketplace->getSellerByCustomerId($this->request->get['customer_id']);
                            $seller_config = $this->model_kbmp_marketplace_kbmp_marketplace->getSellerConfig($seller['seller_id']);

                            if (isset($seller_config) && !empty($seller_config)) {
                                foreach ($seller_config as $sellerconfig) {
                                    $data['seller_config'][$sellerconfig['key']] = $sellerconfig['value'];
                                    $data['seller_config'][$sellerconfig['key'].'_global'] = $sellerconfig['use_global'];
                                }
                            }
                            
                            if (isset($this->request->post['kbmp_default_commission'])) {
                                    $data['kbmp_default_commission'] = $this->request->post['kbmp_default_commission'];
                            } elseif (isset($data['seller_config']['kbmp_default_commission']) && !empty($data['seller_config']['kbmp_default_commission'])) {
                                    $data['kbmp_default_commission'] = $data['seller_config']['kbmp_default_commission'];
                            } else {
                                    $data['kbmp_default_commission'] = '';
                            }
                            
                            if (isset($this->request->post['kbmp_default_commission_global'])) {
                                    $data['kbmp_default_commission_global'] = $this->request->post['kbmp_default_commission_global'];
                            } elseif (isset($data['seller_config']['kbmp_default_commission_global']) && !empty($data['seller_config']['kbmp_default_commission_global'])) {
                                    $data['kbmp_default_commission_global'] = $data['seller_config']['kbmp_default_commission_global'];
                            } else {
                                    $data['kbmp_default_commission_global'] = '';
                            }

                            if (isset($this->request->post['kbmp_new_product_approval_required'])) {
                                    $data['kbmp_new_product_approval_required'] = $this->request->post['kbmp_new_product_approval_required'];
                            } elseif (!empty($data['seller_config']['kbmp_new_product_approval_required'])) {
                                    $data['kbmp_new_product_approval_required'] = $data['seller_config']['kbmp_new_product_approval_required'];
                            } else {
                                    $data['kbmp_new_product_approval_required'] = '0';
                            }
                            
                            if (isset($this->request->post['kbmp_new_product_approval_required_global'])) {
                                    $data['kbmp_new_product_approval_required_global'] = $this->request->post['kbmp_new_product_approval_required_global'];
                            } elseif (!empty($data['seller_config']['kbmp_new_product_approval_required_global'])) {
                                    $data['kbmp_new_product_approval_required_global'] = $data['seller_config']['kbmp_new_product_approval_required_global'];
                            } else {
                                    $data['kbmp_new_product_approval_required_global'] = '';
                            }

                            if (isset($this->request->post['kbmp_enable_seller_review'])) {
                                    $data['kbmp_enable_seller_review'] = $this->request->post['kbmp_enable_seller_review'];
                            } elseif (!empty($data['seller_config']['kbmp_enable_seller_review'])) {
                                    $data['kbmp_enable_seller_review'] = $data['seller_config']['kbmp_enable_seller_review'];
                            } else {
                                    $data['kbmp_enable_seller_review'] = '0';
                            }
                            
                            if (isset($this->request->post['kbmp_enable_seller_review_global'])) {
                                    $data['kbmp_enable_seller_review_global'] = $this->request->post['kbmp_enable_seller_review_global'];
                            } elseif (!empty($data['seller_config']['kbmp_enable_seller_review_global'])) {
                                    $data['kbmp_enable_seller_review_global'] = $data['seller_config']['kbmp_enable_seller_review_global'];
                            } else {
                                    $data['kbmp_enable_seller_review_global'] = '0';
                            }

                            if (isset($this->request->post['kbmp_seller_review_approval_required'])) {
                                    $data['kbmp_seller_review_approval_required'] = $this->request->post['kbmp_seller_review_approval_required'];
                            } elseif (!empty($data['seller_config']['kbmp_seller_review_approval_required'])) {
                                    $data['kbmp_seller_review_approval_required'] = $data['seller_config']['kbmp_seller_review_approval_required'];
                            } else {
                                    $data['kbmp_seller_review_approval_required'] = '0';
                            }
                            
                            if (isset($this->request->post['kbmp_seller_review_approval_required_global'])) {
                                    $data['kbmp_seller_review_approval_required_global'] = $this->request->post['kbmp_seller_review_approval_required_global'];
                            } elseif (!empty($data['seller_config']['kbmp_seller_review_approval_required_global'])) {
                                    $data['kbmp_seller_review_approval_required_global'] = $data['seller_config']['kbmp_seller_review_approval_required_global'];
                            } else {
                                    $data['kbmp_seller_review_approval_required_global'] = '0';
                            }

                            if (isset($this->request->post['kbmp_email_on_new_order'])) {
                                    $data['kbmp_email_on_new_order'] = $this->request->post['kbmp_email_on_new_order'];
                            } elseif (!empty($data['seller_config']['kbmp_email_on_new_order'])) {
                                    $data['kbmp_email_on_new_order'] = $data['seller_config']['kbmp_email_on_new_order'];
                            } else {
                                    $data['kbmp_email_on_new_order'] = '0';
                            }
                            
                            if (isset($this->request->post['kbmp_email_on_new_order_global'])) {
                                    $data['kbmp_email_on_new_order_global'] = $this->request->post['kbmp_email_on_new_order_global'];
                            } elseif (!empty($data['seller_config']['kbmp_email_on_new_order_global'])) {
                                    $data['kbmp_email_on_new_order_global'] = $data['seller_config']['kbmp_email_on_new_order_global'];
                            } else {
                                    $data['kbmp_email_on_new_order_global'] = '0';
                            }

                            $this->load->model('catalog/category');

                            $data['categories'] = array();
                            
                            if (isset($this->request->post['product_category'])) {
                            
                                    $categories = $this->request->post['product_category'];
                                    foreach ($categories as $category_id) {
                                        $category_info = $this->model_catalog_category->getCategory($category_id);

                                        if ($category_info) {
                                            $data['categories'][] = array(
                                                'category_id' => $category_info['category_id'],
                                                'name' => ($category_info['path']) ? $category_info['path'] . ' &gt; ' . $category_info['name'] : $category_info['name']
                                            );
                                        }
                                    }
                            } elseif (!empty($data['seller_config']['product_category'])) {
                                    $categories = explode(", ", $data['seller_config']['product_category']);
                                    foreach ($categories as $category_id) {
                                        $category_info = $this->model_catalog_category->getCategory($category_id);

                                        if ($category_info) {
                                            $data['categories'][] = array(
                                                'category_id' => $category_info['category_id'],
                                                'name' => ($category_info['path']) ? $category_info['path'] . ' &gt; ' . $category_info['name'] : $category_info['name']
                                            );
                                        }
                                    }
                            } else {
                                    $seller_categories_list = array();
                                    $seller_categories = $this->model_kbmp_marketplace_kbmp_marketplace->getAssignedCategories($seller['seller_id']);
                                    if (isset($seller_categories) && !empty($seller_categories)) {
                                        foreach ($seller_categories as $seller_category) {
                                            $seller_categories_list[] = $seller_category['category_id'];
                                        }
                                    }
                            
                                    if (isset($seller_categories_list) && !empty($seller_categories_list)) {
                                        $categories = $seller_categories_list;
                                        foreach ($categories as $category_id) {
                                            $category_info = $this->model_catalog_category->getCategory($category_id);

                                            if ($category_info) {
                                                $data['categories'][] = array(
                                                    'category_id' => $category_info['category_id'],
                                                    'name' => ($category_info['path']) ? $category_info['path'] . ' &gt; ' . $category_info['name'] : $category_info['name']
                                                );
                                            }
                                        }
                                    }
                            }
                        }
                        $this->load->language('customer/customer');
			]]></add>
		</operation>
                <operation error="log">
			<search><![CDATA[if ($this->error && !isset($this->error['warning'])) {]]></search>
			<add position="before"><![CDATA[
                        $this->load->language('kbmp_marketplace/common'); 
                        if (isset($this->request->post['kbmp_default_commission']) && (utf8_strlen($this->request->post['kbmp_default_commission']) < 1 || $this->request->post['kbmp_default_commission'] < 0 || $this->request->post['kbmp_default_commission'] > 100)) {
                            $this->error['kbmp_default_commission'] = $this->language->get('error_kbmp_default_commission');
                        }
                        $this->load->language('customer/customer');
			]]></add>
		</operation>
                <operation error="log">
			<search><![CDATA[if (isset($this->error['address'])) {]]></search>
			<add position="before"><![CDATA[
                        if (isset($this->error['kbmp_default_commission'])) {
                                $data['error_kbmp_default_commission'] = $this->error['kbmp_default_commission'];
                        } else {
                                $data['error_kbmp_default_commission'] = array();
                        }
			]]></add>
		</operation>
                <operation error="log">
			<search><![CDATA[$this->model_customer_customer->editCustomer($this->request->get['customer_id'], $this->request->post);]]></search>
			<add position="after"><![CDATA[
                        $this->load->model('kbmp_marketplace/kbmp_marketplace');
                        $is_seller = $this->model_kbmp_marketplace_kbmp_marketplace->is_seller($this->request->get['customer_id']);
                        if (isset($is_seller) && $is_seller) {
                            //Get Seller ID by Customer ID
                            $seller = $this->model_kbmp_marketplace_kbmp_marketplace->getSellerByCustomerId($this->request->get['customer_id']);
                            $this->model_kbmp_marketplace_kbmp_marketplace->updateSellerConfig($this->request->post, $seller['seller_id'], $seller['store_id']);
                        }
			]]></add>
		</operation>
	</file>
</modification>
